artist_name,artist_id
"""Weird Al"" Yankovic",1
& Friends,2
*NSYNC,3
.Sinh,4
070 Shake,5
"10,000 Maniacs",6
112,7
121569,8
1969 Collective,9
24 Carat Black,10
2CELLOS,11
2Pac,12
3 Doors Down,13
347aidan,14
4 Non Blondes,15
5 Reasons,16
5 Seconds of Summer,17
50 Cent,18
6ix9ine,19
A Day To Remember,20
A Great Big World,21
A R I Z O N A,22
A Tribe Called Quest,23
A$AP Rocky,24
A.B. Quintanilla III,25
A.B. Quintanilla III Y Los Kumbia Kings,26
ABBA,27
ABBY,28
AC/DC,29
ACHKIRIK,30
AFROJACK,31
AHI,32
AJR,33
AMADEUS,34
AMC Funk,35
ANAVITÓRIA,36
ARTEMIS,37
AWOLNATION,38
Aaron Copland,39
Aaron Lee Tasjan,40
Aaron Zigman,41
Abdullah Ibrahim,42
"Abel Velásquez ""El Mago""",43
Abigail Lapell,44
Above & Beyond,45
Abraham Mateo,46
Ace Frehley,47
Action Bronson,48
Adam Green,49
Adam Levine,50
Adelaide Symphony Orchestra,51
Adele,52
Adolphus Hailstork,53
Adone Alleva,54
Adriana,55
Adriana Aloysius,56
Adriel Favela,57
Adrián Berenguer,58
Aerosmith,59
Africa Levine,60
Afroman,61
Afterhours,62
Agnes Obel,63
Agustín Amigó,64
Agustín Lara,65
Ahmad Jamal Quintet,66
Ahmed Malek,67
Aiday Ainur,68
Ainda,69
Ainslie Wills,70
Airha,71
Aisha Badru,72
Ajate,73
Akon,74
Akshin Alizadeh,75
Al Green,76
Alabama Shakes,77
Alan Hovhaness,78
Alan Jackson,79
Alan Price,80
Albert Hammond Jr,81
Albert King,82
Albert Natural,83
Albert Pla,84
Albert Wenmo,85
Alberto Beltran,86
Alberto Cortez,87
Alberto Escobar,88
Alberto Y Roberto,89
Albéric Magnard,90
Aldo Romano,91
Ale Imke,92
Alejandra Guzman,93
Alejandro Fernández,94
Alejandro Filio,95
Alejandro Sanz,96
Aleks Syntek,97
Alessi Brothers,98
Alessia Cara,99
Alesso,100
Alex & Sierra,101
Alex Aiono,102
Alex Anwandter,103
Alex Bleeker & The Freaks,104
Alex Clare,105
Alex Cuba,106
Alex Divello,107
Alex Fernández,108
Alex Ferreira,109
Alex Galvan,110
Alex Gargolas,111
Alex Gaudino,112
Alex Rose,113
Alex Schulz,114
Alex Turner,115
Alex Ubago,116
Alex Wiley,117
Alex Winston,118
Alexa Popov,119
Alexander Borodin,120
Alexander Glazunov,121
Alexander Jean,122
Alexander Scriabin,123
Alexander Wurzler,124
Alexandra Stan,125
Alexandre Desplat,126
Alexas Lucio,127
Alexis Ffrench,128
Alexis Korner's Blues Incorporated,129
Alexis y Fido,130
Alfio Origlio,131
Alfonso Barbieri,132
Alfonso de Vilallonga,133
Alfredo Catalani,134
Alfredo Evans,135
Alfredo Olivas,136
Alfredo Rodriguez,137
Algero,138
Alice Cooper,139
Alice Deejay,140
Alice True Colors,141
Alicia Keys,142
Alicia Rey,143
Alina Baraz,144
Alina Hussain,145
Aliotta Haynes Jeremiah,146
Alkilados,147
All Time Low,148
Allday,149
Allison,150
Allman Brothers Band,151
Alogte Oho & His Sounds of Joy,152
Alok,153
Alonestar,154
Alpine,155
Alta Consigna,156
Alun Armstrong,157
Alvaro Carrillo,158
Amanaz,159
Amanda Seyfried,160
Ameba,161
America,162
American Authors,163
American Legion,164
Amilcare Ponchielli,165
Aminé,166
Amma Lerato,167
Amos Lee,168
Amy Beach,169
Amy Grant,170
Amy Winehouse,171
Ana Belén,172
Ana Bárbara,173
Ana Tijoux,174
Anakena,175
Anaïs Mitchell,176
Anderson .Paak,177
Anderson East,178
Andrea Bocelli,179
Andrea Echeverri,180
Andrea Laszlo De Simone,181
Andrea von Kampen,182
Andreas Borkental,183
Andreas Horschel,184
Andreas Moe,185
Andrei Smirnova,186
Andrew Bird,187
Andrew Gialanella,188
Andrew Lloyd Webber,189
André Rieu,190
André Verchuren,191
Andrés Calamaro,192
Andrés Cepeda,193
Andy & Lucas,194
Andy Frasco & The U.N.,195
Andy Grammer,196
Andy Rivera,197
Andy Sheppard Quartet,198
Andy Williams,199
Angel Y Khriz,200
Angelina Winter,201
Angelo,202
Angelo De Augustine,203
Angus & Julia Stone,204
Angus Grove,205
Ani DiFranco,206
Anikdote,207
Anitta,208
Anja Lechner,209
Anna Kendrick,210
Anna Mieke,211
Anne Hathaway,212
Annie Lennox,213
Anonymous,214
Anthony Crivello,215
Anthony King,216
Antoine Gasquet,217
Anton Ewald,218
Antonio Aguilar,219
Antonio Garcia Isaac,220
Antonio Orozco,221
Antonio Salieri,222
Antonio Vega,223
Antonio Vivaldi,224
Antonín Dvořák,225
Anuel AA,226
Aoife O'Donovan,227
Aquilo,228
Aram Khachaturian,229
Arcade Fire,230
Architecture In Helsinki,231
Arctic Monkeys,232
Arcángel,233
Aretha Franklin,234
Argonaut & Wasp,235
Argun North,236
Ari Abdul,237
Ariana Grande,238
Ariel Camacho y Los Plebes Del Rancho,239
Arizona Baby,240
Arizona Zervas,241
Armand Beck,242
Armando Manzanero,243
Armel Dupas Trio,244
Armin van Buuren,245
Arms,246
Arnold Schoenberg,247
AronChupa,248
Art Blakey & The Jazz Messengers,249
Art Davis,250
Arthur & The Emigrants,251
Arthur Alexander,252
Arthur Lyman,253
Arthur Russell,254
Artie Shaw,255
Arturo Márquez,256
Arvo Pärt,257
Ases Falsos,258
Ash,259
Asher Monroe,260
Ashlee,261
Ashley Artus,262
Aspirante,263
Aterciopelados,264
Athletic Progression,265
Atlas Genius,266
Audio Bug,267
Audio Idols,268
Audioslave,269
August Wilkes,270
Aurelius Schmidt,271
Austin Basham,272
Austin Mahone,273
Austyn Johnson,274
Ava Olivia Bailey,275
Aveline Bisset,276
Avenged Sevenfold,277
Aventura,278
Avi Kaplan,279
Avicii,280
Avril Lavigne,281
Axel,282
Axel Muñiz,283
Axero,284
Axwell /\ Ingrosso,285
Ayurveda Massage Music Specialists,286
Azul Azul,287
Azul de Viena,288
Azur,289
Azymuth,290
B.B. King,291
B.o.B,292
BAILEN,293
BANDIDO,294
BANKS,295
BANNERS,296
BAYNK,297
BOY,298
BOYS LIKE GIRLS,299
BRIDGE,300
Babasonicos,301
Babe Rainbow,302
Babik Reinhardt,303
Baby Rasta & Gringo,304
Babyshambles,305
Bachman-Turner Overdrive,306
Bacilos,307
Backstreet Boys,308
Bad Books,309
Bad Bunny,310
Bad Company,311
Bad Flamingo,312
Bad Gyal,313
Bad Meets Evil,314
Bad Suns,315
Badfinger,316
Bag Raiders,317
Baha Men,318
Bahamas,319
Bailey Jehl,320
Bakar,321
Bakermat,322
Balduin,323
Baltic House Orchestra,324
Baltimora,325
Band Of Skulls,326
Band of Horses,327
Banda El Recodo,328
Banda Los Recoditos,329
Banda MS de Sergio Lizárraga,330
Banda Sinaloense MS de Sergio Lizárraga,331
Banda Tierra Sagrada,332
Baptiste Trotignon,333
Barenaked Ladies,334
Barns Courtney,335
Baron Dance,336
Barry Louis Polisar,337
Barton Hartshorn,338
Bastille,339
Basto,340
Bazzi,341
Beach House,342
Beady Eye,343
Beastie Boys,344
Bebe Rexha,345
Bebu Silvetti,346
Beck,347
Becky G,348
Bedřich Smetana,349
Bee Gees,350
Beegie Adair,351
Belanova,352
Belbao,353
Belinda,354
Belinda Carlisle,355
Bellakath,356
Belle and Sebastian,357
Belleville,358
Belly,359
Ben E. King,360
Ben Flocks,361
Ben Folds,362
Ben Folds Five,363
Ben Frost,364
Ben Harper,365
Ben Howard,366
Ben Kweller,367
Ben Rector,368
Ben Webster & Oscar Peterson,369
Ben von Wildenhaus,370
Benis Cletin,371
Benito Martinez,372
Benjamin Baker,373
Benjamin Francis Leftwich,374
Benjamin Gibbard,375
Benjamins Friend,376
Benny,377
Benny Goodman Sextet,378
Beny Moré,379
Bessie Smith,380
Betoko,381
Betta Lemme,382
Better Oblivion Community Center,383
Betty Who,384
Beyoncé,385
Beéle,386
Bienvenido Granda,387
Biffy Clyro,388
Big Boy,389
Big Brother & The Holding Company,390
Big Gigantic,391
Big Grams,392
Big Mountain,393
Big Red Machine,394
Big Shaq,395
Big Star,396
Big Thief,397
Big Wild,398
Big Yamo,399
Bill Charlap,400
Bill Charlap Trio,401
Bill Conti,402
Bill Evans,403
Bill Frisell,404
Bill Medley,405
Bill Swindon,406
Bill Valentino,407
Bill Withers,408
Bill Wyman,409
Billie Eilish,410
Billie Holiday,411
Billie The Vision & The Dancers,412
Billy Bragg,413
Billy Idol,414
Billy Joel,415
Billy Mack,416
Bing Crosby,417
Birdtalker,418
Birdy,419
Bishop Briggs,420
Bizarrap,421
Black Atlass,422
Black Coffee,423
Black Eyed Peas,424
Black Joe Lewis,425
Black Lips,426
Black Pumas,427
Black Sabbath,428
Black Sugar,429
Black Uhuru,430
Blackberry Smoke,431
Blackie & Lois,432
Blackway,433
Bladverk Band,434
Blake Mills,435
Blake Shelton,436
Blaze,437
Bleachers,438
Bleecker Jazz Duo,439
Bleeker,440
Bleu Toucan,441
Blind Faith,442
Blind Melon,443
Blind Willie Johnson,444
Blitzen Trapper,445
Bloc Party,446
Blondfire,447
Blondie,448
Bloodstone,449
Blue,450
Blue Foundation,451
Blue Mink,452
Blue Scholars,453
Blue Swede,454
Blue Öyster Cult,455
Blur,456
Blythe Davidson,457
Bo Boss,458
Bo Diddley,459
Boards of Canada,460
Bob Dylan,461
Bob Marley & The Wailers,462
Bob Seger,463
Bob Seger & The Last Heard,464
Bobby Caldwell,465
Bobby Darin,466
Bobby Darin & The Rinky-Dinks,467
Bobby Durham,468
Bobby Helms,469
Bobby Hutcherson,470
Bobby Oroza,471
Bobby Patterson,472
Bobby Womack,473
Boby Drum,474
Bomba Estéreo,475
Bombay Bicycle Club,476
Bon Iver,477
Bon Jovi,478
Bonka,479
Bonnie Raitt,480
Bonnie Tyler,481
Bonno Neo,482
Bonny Light Horseman,483
Bonobo,484
Booker Ervin,485
Booker T. & the M.G.'s,486
BoomBox,487
Born At Midnite,488
Born Ruffians,489
Boston,490
Bowling For Soup,491
Boyce Avenue,492
Boza,493
Brad Barr,494
Brad Mehldau,495
Brad Paisley,496
Bradley Cooper,497
Brandi Carlile,498
Brandon Deshon,499
Brandon Flowers,500
Brandon Jenner,501
Brandy Charles,502
Branford Marsalis Quartet,503
Bre Kennedy,504
Breakbot,505
Breathe Carolina,506
Brenda Lee,507
Brett Dennen,508
Brett Eldredge,509
Brett Williams,510
Brian Wilson,511
Bright Eyes,512
Brijean,513
Bristol-Myers,514
Briston Maroney,515
Britney Spears,516
Broken Bells,517
Bronco,518
Bronwen,519
Brooks,520
Brooks & Dunn,521
Brother Ali,522
Brotherhood of Man,523
Bruce Cockburn,524
Bruce Springsteen,525
Bruno Borlone,526
Bruno Mars,527
Bruno Martini,528
Bruno Sanders,529
Bryan Adams,530
Bryan Ferry,531
Bryan Kennedy,532
Bryce Fox,533
Bryce Vine,534
Bryson Tiller,535
Bubbs,536
Buchanan Brothers,537
Bud Powell Trio,538
Buddy Holly,539
Buddy Rich Big Band,540
Buena Vista Social Club,541
Buffalo Springfield,542
Buffy Sainte-Marie,543
Bufi,544
Bunbury,545
Burl Ives,546
Bustamante,547
Buzzard Buzzard Buzzard,548
BØRNS,549
C-Funk,550
C-Kan,551
C. Tangana,552
CAKE,553
CAN,554
CAPYAC,555
CHIC,556
CLOVES,557
CLUBZ,558
CMC 3,559
CNCO,560
COIN,561
CRFT,562
CRX,563
Caamp,564
Caballo Dorado,565
Caesars,566
Caetano Veloso,567
Café Tacvba,568
Cage The Elephant,569
Caiola,570
Caity Gyorgy,571
Cala (Rostros Ocultos),572
Calexico,573
Cali Y El Dandee,574
Calibre 50,575
Califone,576
Calle 13,577
Caloncho,578
Calor Norteño,579
Calvin Harris,580
Camelo,581
Camera Obscura,582
Cameron Avery,583
Camila,584
Camila Cabello,585
Camille,586
Camille Saint-Saëns,587
Camilo,588
Camilo Branca,589
Candi Staton,590
Canned Heat,591
Cannonball Adderley,592
Cantares,593
Canteen,594
Car Seat Headrest,595
Cardellino,596
Cardenales De Nuevo León,597
Cardi B,598
Carin Leon,599
Carl Ditters von Dittersdorf,600
Carl Perkins,601
Carl Philipp Emanuel Bach,602
Carl Winther Trio,603
Carla Morrison,604
Carla Moses,605
Carla Rego,606
Carla Thomas,607
Carlos Baute,608
Carlos Cipa,609
Carlos Colosio,610
Carlos Gardel,611
Carlos Henry,612
Carlos Rafael Rivera,613
Carlos Rivera,614
Carlos Sadness,615
Carlos Santana,616
Carlos Varela,617
Carlos Vives,618
Carlos uzi,619
Carly Rae Jepsen,620
Carmen Miranda,621
Carmen Sarahi,622
Carol Maddox,623
Caroline Spence,624
Carpenters,625
Carré Bleu,626
Carsie Blanton,627
Cartel De Santa,628
Cass McCombs,629
Cassidy,630
Cassio Kohl,631
Cast,632
Cast of Mamma Mia! The Movie,633
Catfish and the Bottlemen,634
Cautious Clay,635
Cayucas,636
Cazzeros,637
Celia Cloten,638
Celia Cruz,639
Chad & Jeremy,640
Challem,641
Chambao,642
Champion Jack Dupree,643
Chance the Rapper,644
Change,645
Chansons d´Accordeon,646
Charanga 76,647
Charles Ans,648
Charles Bradley,649
Charles Goose,650
Charles Gounod,651
Charles Mingus,652
Charley Crockett,653
Charli xcx,654
Charlie Cruz,655
Charlie Parker,656
Charlie Parr,657
Charlie Puth,658
Charly Black,659
Charly García,660
Chase Atlantic,661
Chayanne,662
Cheap Trick,663
Chema Rivas,664
Chemical Surf,665
Cheo,666
Cher Lloyd,667
Cherokee,668
Cherub,669
Cheryl Patterson,670
Chet Atkins,671
Chet Baker,672
Chet Faker,673
Chevy Chase,674
ChiChi Peralta,675
Chicago,676
Chicano Batman,677
Chicho Sánchez Ferlosio,678
Chick Webb,679
Child Of The Parish,680
Childish Gambino,681
Chimbala,682
Chino & Nacho,683
Chino Pacas,684
Chiquetere Band,685
Chisu,686
ChocQuibTown,687
Chocolate,688
Chris Bell,689
Chris Benstead,690
Chris Brown,691
Chris Cornell,692
Chris Isaak,693
Chris Jedi,694
Chris Memento,695
Chris Stapleton,696
Chris Thile,697
ChrisLee,698
Chrissie Hynde,699
Christian Daniel,700
Christian Kuria,701
Christian McBride Trio,702
Christian Nodal,703
Christina Perri,704
Christine Baranski,705
Christoph Willibald Gluck,706
Chromeo,707
Chuck Berry,708
Chuck Prophet,709
Church of the Cosmic Skull,710
Ciara Lowry,711
Cicada Rhythm,712
Cimafunk,713
Cinderella,714
Circa Waves,715
Circus Band,716
Claptone,717
Clarence Reid,718
Clase-A,719
Classixx,720
Claude Bolling,721
Claude Debussy,722
Claudio Jr De Rosa,723
Claudio Ranalli,724
Clean Bandit,725
Clem Snide,726
Clifford Brown,727
Clint Eastwood,728
Clive Richardson,729
Club Unicorn,730
Club del Río,731
Clément,732
Coast Modern,733
Cocofunka,734
Cody Simpson,735
Coffee House Instrumental Jazz Playlist,736
Colbie Caillat,737
Cold Frame,738
Cold War Kids,739
Coldplay,740
Cole Porter,741
Coleman Hawkins,742
Colin Hay,743
Collabro,744
Collie Buddz,745
Colm Wilkinson,746
Colter Wall,747
Combo Cadre,748
Comisario Pantera,749
Commodores,750
Common Market,751
Conal Fowkes,752
Conjunto Rio Grande,753
Connor Price,754
Conor Oberst and the Mystic Valley Band,755
Constance Timon,756
Consuelo Velasquez,757
Contacto Norte,758
Control,759
Cookin' On 3 Burners,760
Cool Calm Pete,761
Coque Malla,762
Cordae,763
Cordell Zoe,764
Corinne Bailey Rae,765
Cornershop,766
Cortando Troncos,767
Cory Weeds,768
Cory Wong,769
Cosculluela,770
Cosmo's Midnight,771
Coti,772
Coty Inc.,773
Couch,774
Coucheron,775
Count Basie,776
Counting Crows,777
Courier,778
Courtney Barnett,779
Craig Alston,780
Craig Armstrong,781
Craig Cardiff,782
Craig David,783
Craig Finn,784
Craig Sharmat,785
Crazibiza,786
Cream,787
Creed Bratton,788
Creedence Clearwater Revival,789
Cristian Castro,790
Crooked Colours,791
Crooked Fingers,792
Crooked Still,793
Crosby & Nash,794
"Crosby, Stills & Nash",795
"Crosby, Stills, Nash & Young",796
Crystal Fighters,797
Cuco,798
Curren$y,799
Curry & Krawall,800
Cut Worms,801
Cutting Crew,802
Cypress Hill,803
Czech National Symphony Orchestra,804
Czech Philharmonic,805
Céline Dion,806
César Franck,807
Código FN,808
Cómplices,809
DCS,810
DELLAFUENTE,811
DJ Antoine,812
DJ Harrison,813
DJ Kelvin El Sacamostro,814
DJ Khaled,815
DJ Redblack,816
DJ Snake,817
DJ Who,818
DJ Ötzi,819
DJane HouseKat,820
DNCE,821
DOPE LEMON,822
DaBaby,823
Daddy Yankee,824
Daft Punk,825
Dale Watson,826
Dalex,827
Dalton,828
Damien Jurado,829
Damien Rice,830
Dan + Shay,831
Dan Auerbach,832
Dan Berk,833
Dan Eifler,834
Dan Evans-Parker,835
Dan Lacksman,836
Dana Boulé,837
Danco,838
Danger Mouse,839
Dani Martín,840
Daniel Caesar,841
Daniel Colin,842
Daniel Jang,843
Daniel Johnston,844
Daniel Lanois,845
Daniel May,846
Daniel Norgren,847
Daniel Quién,848
Daniel Romano,849
"Daniel, Me Estás Matando",850
Daniela Petrová,851
Daniela Spalla,852
Daniele Silvestri,853
Danna Paola,854
Danny Ocean,855
Danny Romero,856
Danny Walgreen,857
Daphni,858
Darell,859
Darius Rucker,860
Dark Waves,861
Darlene Love,862
Darlingside,863
Darondo,864
Daryl Hall & John Oates,865
Das Sound Machine,866
Dasha,867
Daughtry,868
Dave Matthews Band,869
Dave Van Ronk,870
David Arden,871
David Axelrod,872
David Bisbal,873
David Bowie,874
David Byrne,875
David Duchovny,876
David Dundas,877
David Fitzpatrick Trio,878
David Foster,879
David Gilmour,880
David Gray,881
David Guetta,882
David Hazeltine,883
David Keller,884
David Kushner,885
David Maman,886
David McCallum,887
David Rawlings,888
David Rees,889
Dawa Sherpa,890
Dawes,891
Dawn Avenue,892
Dawn Geller,893
Dayvi,894
De Hofnar,895
De La Ghetto,896
De Norte A Sur,897
DeLyzer,898
DeVotchKa,899
Dead Horses,900
Dead Kennedys,901
Dead Man Fall,902
Dean M Parker,903
Dean Martin,904
Death Cab for Cutie,905
Death Team,906
Declan McKenna,907
Dee Clark,908
Deep Chills,909
Deep Divers,910
Deep Purple,911
Def Leppard,912
Delta Spirit,913
Deluxe,914
Demi Lovato,915
Denis Gäbel,916
Dennis Lloyd,917
Dennis Riley-Jones,918
Deorro,919
Depedro,920
Derek & The Dominos,921
Derek Shearer,922
Derik Fein,923
Dermot Kennedy,924
Des Rocs,925
Destroyer,926
Devendra Banhart,927
Dexter Gordon,928
Dexys Midnight Runners,929
Diamante Eléctrico,930
Diana Krall,931
Dick Diver,932
Dick Hyman,933
Dickey Betts,934
Diddy,935
Die Atzen,936
Diego Torres,937
Diego de Frigiliana,938
Dieter Huber,939
Digitalism,940
Diles que no me maten,941
Dillon Francis,942
Dimash B,943
Dimitri Vegas & Like Mike,944
Dimmi,945
Dinah Washington,946
Dio,947
Dionisio Aguado,948
Dire Straits,949
Dirty Mac,950
Dirty Pretty Things,951
Dirty South,952
Disclosure,953
Discovery,954
Disturbed,955
División Minúscula,956
Dj Kass,957
Django Reinhardt,958
Dmitri Shostakovich,959
Dmitry Kabalevsky,960
Doc Robinson,961
Doja Cat,962
Dolly Parton,963
Domenico Modugno,964
Domenico Monleone,965
Dominic Cooper,966
Dominic Fike,967
Dominik Scherrer,968
Don Diablo,969
Don McLean,970
Don Omar,971
Donald Glover & Danny Pudi,972
Donatella Monza,973
Donavon Frankenreiter,974
Donovan,975
Donovan Woods,976
Dooley Wilson,977
Dopla,978
Doris Day,979
Doug Kaufman,980
Down Like Silver,981
Dr. Dog,982
Dr. Dre,983
Dr. John,984
Drake,985
Dread Mar I,986
Dreezy,987
Dresses,988
Drew Holcomb & The Neighbors,989
Drive-By Truckers,990
Dromedarios Mágicos,991
Drugdealer,992
Drunk Mums,993
Dstance,994
Dua Lipa,995
Dubdogz,996
Dueto Las Palomas,997
Duke Dumont,998
Duke Ellington,999
Duki,1000
Dumb Punts,1001
Duncan Dhu,1002
Duo Acoustica,1003
Durand Jones & The Indications,1004
Dusty Springfield,1005
Dvicio,1006
Dylan Gardner,1007
Dylan LeBlanc,1008
Dylan McFerrin,1009
Dylan Reynolds,1010
Dynamyte,1011
ELEW,1012
ELIO,1013
EMELINE,1014
ERNEST,1015
Eagles,1016
Eagles Of Death Metal,1017
Earl Sweatshirt,1018
"Earth, Wind & Fire",1019
Echo In The Canyon,1020
Echoes of Swing,1021
Ed Maverick,1022
Ed Sheeran,1023
Eddie & Ernie,1024
Eddie Berman,1025
Eddie Chacon,1026
Eddie Money,1027
Eddie Santiago,1028
Eddie Vedder,1029
Eddie Vedder and Natalie Maines,1030
Eddy Current Suppression Ring,1031
Ede,1032
Eden Muñoz,1033
Edgar Oceransky,1034
Edie Brickell & New Bohemians,1035
Editors,1036
Eduardo di Capua,1037
Edvard Grieg,1038
Edward Elgar,1039
Edward Sharpe & The Magnetic Zeros,1040
Eels,1041
Egwa,1042
Ehrling,1043
Ekkah,1044
El Bebeto,1045
El Chachito,1046
El Chicano,1047
El Coyote Y Su Banda Tierra Santa,1048
El Cuarteto De Nos,1049
El Jose,1050
El Kanka,1051
El Komander,1052
El Mató a un Policía Motorizado,1053
El Michels Affair,1054
El Rey De La Taquilla,1055
El Tambor De La Tribu,1056
El Zar,1057
El Último De La Fila,1058
Eladio Carrion,1059
Electric Guest,1060
Electric Light Orchestra,1061
Electric Wurms,1062
Elenco original de Madrid,1063
Elf Power,1064
Eli Starr Trio,1065
Eliades Ochoa,1066
Elias,1067
Elijah Stone,1068
Elisa Rodrigues,1069
Eliseo Robles,1070
Elke Meyer,1071
Ella Fitzgerald,1072
Ella Mai,1073
Elle Cordova,1074
Elle King,1075
Elle Vorink,1076
Ellie Goulding,1077
Elliott Smith,1078
Elmer Soulé,1079
Elmore James,1080
Elport,1081
Elsa y Elmar,1082
Elson Complex,1083
Elton John,1084
Elvis Costello,1085
Elvis Costello & The Attractions,1086
Elvis Presley,1087
Emanuel Nord,1088
Emeli Sandé,1089
"Emerson, Lake & Palmer",1090
Emil Brandqvist,1091
Emil Dahl,1092
Emily Krueger,1093
Emily Scott Robinson,1094
Emilíana Torrini,1095
Eminem,1096
Emitt Rhodes,1097
Emma Stone,1098
Emmanuel,1099
Emmy Rossum,1100
Empire Of The Sun,1101
Endor,1102
Enj Society,1103
Enjambre,1104
Ennio Morricone,1105
Enrique Granados,1106
Enrique Iglesias,1107
Enrique Santos Discépolo,1108
Enrique Ugarte,1109
Enrique Urquijo y Los problemas,1110
Enya,1111
Enzo,1112
Enzo La Mattina,1113
Erasure,1114
Eric Burdon,1115
Eric Carmen,1116
Eric Clapton,1117
Eric Dolphy,1118
Eric Johnson,1119
Eric Lindell,1120
Eric Olsen,1121
Eric Prydz,1122
Erich Kunzel,1123
Erich Wolfgang Korngold,1124
Erik Satie,1125
Erik Truffaz,1126
Ernesto Elorduy,1127
Ernesto Lecuona,1128
Ernesto de Curtis,1129
Eros Ramazzotti,1130
Esbjörn Svensson Trio,1131
Escondido,1132
Eslabon Armado,1133
Esmeralda Torres,1134
Esteman,1135
Ethan Acosta,1136
Ethan Burns,1137
Ethan Hawke,1138
Etta James,1139
Europe,1140
Evergreen Dream,1141
Everybody Loves an Outlaw,1142
Everything But The Girl,1143
Explosions In The Sky,1144
Eydie Gormé,1145
Ezra Furman,1146
F. Pastrana,1147
F.ACE,1148
FINNEAS,1149
FISHER,1150
FM Static,1151
FRENSHIP,1152
Fabian Lombardi,1153
Fabich,1154
Fabrizio De André,1155
Faces,1156
Facundo Cabral,1157
Fairport Convention,1158
Fake Blood,1159
Fall Out Boy,1160
Falqo,1161
Family,1162
Family of the Year,1163
Fanny Lu,1164
Farruko,1165
Fast Romantics,1166
Fatboy Slim,1167
Father John Misty,1168
Fato,1169
Fats Domino,1170
Faul,1171
Faul & Wad,1172
Federico Villa,1173
Fei Kura,1174
Feid,1175
Feist,1176
Felipe Peláez,1177
Felix Jaehn,1178
Felix Trapp,1179
Fennec,1180
Fernando Delgadillo,1181
Fernando Sor,1182
Ferras,1183
Ferraz,1184
Ferreck Dawn,1185
Feten Feten,1186
Fetty Wap,1187
Fifth Harmony,1188
Finlep,1189
Fiona Apple,1190
Fitasha,1191
Fito Paez,1192
Fito y Fitipaldis,1193
Flamin' Groovies,1194
Flans,1195
Flap Jack,1196
Fleet Foxes,1197
Fleetwood Mac,1198
Fleur Onora,1199
Flo & Eddie,1200
Flo Morrissey,1201
Flo Rida,1202
Flogging Molly,1203
Florence + The Machine,1204
Florida Georgia Line,1205
Floridablanca,1206
Floritatura,1207
Flughand,1208
Flume,1209
Flyte,1210
Foals,1211
Focus,1212
Foghat,1213
Fonola Band,1214
Fonseca,1215
Fontaines D.C.,1216
Foo Fighters,1217
Fools Garden,1218
Foreigner,1219
Forever The Sickest Kids,1220
Foster The People,1221
Fountains Of Wayne,1222
Foxboro Hottubs,1223
Foxy,1224
Foy Vance,1225
Fran,1226
Franc Moody,1227
Francesca Marr,1228
Francesca Monte,1229
Francesco Cilea,1230
Francesco De Gregori,1231
Francesco Guccini,1232
Francesco Paolo Tosti,1233
Francis White,1234
Francis and the Lights,1235
Francisco Céspedes,1236
Francisco Tárrega,1237
Franco De Vita,1238
Francois Parisi,1239
Frank Black,1240
Frank Ocean,1241
Frank Sinatra,1242
Frank Turner,1243
Frankie Valli & The Four Seasons,1244
Franz Ferdinand,1245
Franz Lehár,1246
Franz Liszt,1247
Franz Schubert,1248
Françoise Hardy,1249
Fred again..,1250
Freda Barton,1251
Freda Payne,1252
Freddie King,1253
Freddie Mercury,1254
Freddo Lucky Bossi,1255
Freddy Fender,1256
Frederic Dupont,1257
Frederick Delius,1258
Fredrik Kronkvist,1259
Free,1260
Free Nationals,1261
Freedy Johnston,1262
Freelance Whales,1263
Freh Kodja,1264
Freischwimmer,1265
Frightened Rabbit,1266
Friska Viljor,1267
Fruit Bats,1268
Frédéric Chopin,1269
Fthmlss,1270
Fuego,1271
Fuerza Regida,1272
Funeral Suits,1273
Funkadelic,1274
Future,1275
Future Islands,1276
G-Eazy,1277
G-Unit,1278
G.R.L.,1279
GAMPER & DADONI,1280
GROUPLOVE,1281
Gabriel Fauré,1282
Gabriel Femi,1283
Gabriel Yared,1284
Gabrielle Aplin,1285
Gabríel Ólafs,1286
Gaetano Donizetti,1287
Galantis,1288
Galimatias,1289
Gama,1290
Gang of Youths,1291
Gardiner Sisters,1292
Garibaldi,1293
Gary Allan,1294
Gary Bartz,1295
Gary Clark Jr.,1296
Gary Grant,1297
Gary Louris,1298
Gary McFarland & Co.,1299
Gathering in Jazz,1300
Gaucho,1301
Gavin DeGraw,1302
Gavin James,1303
Gaz Coombes,1304
Gazebo,1305
Gazoz,1306
Gene Barge,1307
Gene Hart Trio,1308
Gene Simmons,1309
Genesis,1310
Gente De Zona,1311
Geoff Henzel,1312
Georg Gardner,1313
Georg Philipp Telemann,1314
George Alec,1315
George Baker Selection,1316
George Bruns,1317
George Darko,1318
George Ezra,1319
George Fenton,1320
George Frideric Handel,1321
George Harrison,1322
George Laffitte,1323
George Martin,1324
George darko,1325
Georges Bizet,1326
Gepe,1327
Gera MX,1328
Gerardo Matos Rodríguez,1329
Gerardo Ortiz,1330
Germán Montero,1331
"Germán Valdés ""Tin Tan""",1332
Gerry Marsden,1333
Gerry Mulligan,1334
Gerson Lizama,1335
Gesaffelstein,1336
Ghetto Kids,1337
Ghost,1338
Giacomo Puccini,1339
Gianni Schicchi,1340
Gidi Gov,1341
Gilbert O'Sullivan,1342
Gilberto Gless,1343
Gilberto Santa Rosa,1344
Gill Scott,1345
Gillian Spencer Trio,1346
Ginger Baker Trio,1347
Gino Paoli,1348
Ginuwine,1349
Gioachino Rossini,1350
Giorgio Canali,1351
Gipsy Kings,1352
Girls In Hawaii,1353
Girma Bèyènè,1354
Giulia Y Los Tellarini,1355
Giuseppe Verdi,1356
Giveon,1357
Glass Cristina,1358
Glee Cast,1359
Glen Campbell,1360
Glen Hansard,1361
Glenn Miller,1362
Gloria Trevi,1363
Gnarls Barkley,1364
Goh,1365
Gold School,1366
Golden Earring,1367
Golden Smog,1368
Goldfinger,1369
Goldroom,1370
Gomez,1371
Good Boy,1372
Good Charlotte,1373
Good Shoes,1374
Gordon Lightfoot,1375
Gorillaz,1376
Gostan,1377
Gotye,1378
Graciela Flores,1379
Grady Strange,1380
Graham Parker,1381
Graham Parker & The Rumour,1382
Grant Green,1383
Grant Lee Buffalo,1384
Grateful Dead,1385
Green Day,1386
Greensky Bluegrass,1387
Greg Laswell,1388
Greg Paterson,1389
Gregory Alan Isakov,1390
Gregory Porter,1391
Gregory Silver,1392
Greta Van Fleet,1393
Griff,1394
Grinderman,1395
Grizfolk,1396
Grizzly Bear,1397
Groovin' Bohemia,1398
Grupo Arranke,1399
Grupo Firme,1400
Grupo Frontera,1401
Grupo Marca Registrada,1402
Grupo Margen,1403
Grupo Niche,1404
Grupo Sexto Sentido,1405
Guaynaa,1406
Gucci Mane,1407
Guillem Roma,1408
Gunni Møller,1409
Guns N' Roses,1410
Gustav Mahler,1411
Gustav Scheringer Duo,1412
Gustavo Cerati,1413
Gustavo Cordera,1414
Guster,1415
Gusttavo Lima,1416
Guy Barash,1417
Guy Clark,1418
Guy Lombardo,1419
Gwen Stefani,1420
H.E.R.,1421
HAIM,1422
Ha*Ash,1423
HaDorbanim,1424
Hailee Steinfeld,1425
Hailey Knox,1426
Halsey,1427
Hamid Al Shaeri,1428
Hamilton Leithauser,1429
Hammock,1430
Hands Like Houses,1431
Handsome Boy Modeling School,1432
Hank Williams,1433
Hannah Montana,1434
Hanoi Rocks,1435
Hans Christian Lumbye,1436
Hans Ulrik,1437
Hans Zimmer,1438
Hanson,1439
Har Mar Superstar,1440
Hara Noda,1441
Hard-Fi,1442
Hardsoul,1443
Hardwell,1444
Harlem,1445
Harold E. Weed / Dana Classic Fragrances,1446
Harry Allen,1447
"Harry Connick, Jr.",1448
Harry Gregson-Williams,1449
Harry James,1450
Harry Nilsson,1451
Harry Styles,1452
Haruomi Hosono,1453
Haunted Coffee,1454
Haux,1455
Hayden James,1456
Haydée Milanés,1457
Hazel Scott,1458
He Is We,1459
Health Club,1460
Healy,1461
Heartless Bastards,1462
Hechizeros Band,1463
Hedley,1464
Helen Wei,1465
Henning Kraggerud,1466
Henri PFR,1467
Henrik Janson,1468
Henry Auguste,1469
Henry Jamison,1470
Henry Purcell,1471
Henry Wolfe,1472
Herb Alpert & The Tijuana Brass,1473
Hercules & Love Affair,1474
Herencia De Grandes,1475
Herman Kelly & Life,1476
Hiatus Kaiyote,1477
Hidden Orchestra,1478
Higinio Ruvalcaba,1479
Hiko,1480
Hilary Duff,1481
Himesh Patel,1482
Hippie Sabotage,1483
Hiss Golden Messenger,1484
Hitthequan,1485
Hombres G,1486
Homero Alvarez,1487
Honey HaHa,1488
Honors,1489
Hot Chelle Rae,1490
Hot Chocolate,1491
Hot Hot Heat,1492
Hot Natured,1493
Houndmouth,1494
Howard Shore,1495
Howie Day,1496
Howlin' Wolf,1497
Hozier,1498
Hudson Harris & Haim,1499
Hugh Blake,1500
Hugh Jackman,1501
Hugo,1502
Human Oxygen,1503
Humbird,1504
Humphrey Lyttelton,1505
Héctor Filio,1506
I Cantori Moderni Di Alessandroni,1507
I Profumi di Capri,1508
IAmChino,1509
ILLENIUM,1510
INXS,1511
Ian Noe,1512
Ibrahim Ferrer,1513
Ibrahim Maalouf,1514
Ice Cube,1515
Icona Pop,1516
Idina Menzel,1517
Iggy Azalea,1518
Iggy Pop,1519
Igor Stravinsky,1520
Il Volo,1521
Illya Kuryaki & The Valderramas,1522
Ilse Hendrix,1523
Ima Robot,1524
Imaginary Ambition,1525
Imagine Dragons,1526
Imelda May,1527
Immanuel Wilkins,1528
In Deep We Trust,1529
In The Valley Below,1530
Incredible Bongo Band,1531
Incubus,1532
Indeep,1533
India Martinez,1534
Indios,1535
Ingratax,1536
Ingrid Michaelson,1537
Inhaler,1538
International Sound Orchestra,1539
Interpol,1540
Into New Dimensions,1541
Intocable,1542
Ion Ivanovici,1543
Ir Sais,1544
Ira Wolf,1545
Iris Dauphin,1546
Iron & Wine,1547
Iron Butterfly,1548
Iron Maiden,1549
Isaac Delusion,1550
Isaiah Rashad,1551
Iskander,1552
Isla de Caras,1553
Ismael Rivera,1554
Ismael Serrano,1555
Israel Kamakawiwo'ole,1556
Israel Nash,1557
ItaloBrothers,1558
Ivan Bielsa,1559
Ivan Ferreiro,1560
Ivan Gough,1561
Iván Rosa,1562
Izzy Stradlin And The Ju Ju Hounds,1563
J Alvarez,1564
J Balvin,1565
J-Kwon,1566
J. Cole,1567
J. Withrow,1568
J.E. Sunde,1569
J.J. Cale,1570
J.M. Black,1571
J.Walker of TLD,1572
JACKBOYS,1573
JAY-Z,1574
JD McPherson,1575
JENCARLOS,1576
JHAYCO,1577
JJ Grey & Mofro,1578
JR JR,1579
JR Serpent,1580
Jabberwocky,1581
Jack & Jack,1582
Jack Johnson,1583
Jack Jones,1584
Jack Mack,1585
Jack Nitzsche,1586
Jack Van Cleaf,1587
Jack White,1588
Jack Ü,1589
Jackie DeShannon,1590
Jackie Wilson,1591
Jackson Browne,1592
Jackson C. Frank,1593
Jacky Terrasson,1594
Jaco Pastorius,1595
Jacob Banks,1596
Jacob Collier,1597
Jacob Forever,1598
Jacob Ledger,1599
Jacquees,1600
Jacques Offenbach,1601
Jaime Roos,1602
Jaime Urrutia,1603
Jake Bugg,1604
Jake Xerxes Fussell,1605
Jakob Dreyer,1606
James Arthur,1607
James Bay,1608
James Blunt,1609
James Booker,1610
James Bracken,1611
James Brown,1612
James Gang,1613
James Gillespie,1614
James Horner,1615
James Hunter,1616
James McMurtry,1617
James Mercer,1618
James Morrison,1619
James Newton Howard,1620
James TW,1621
James Taylor,1622
Jamestown Revival,1623
Jamie T,1624
Jamie xx,1625
Jamiroquai,1626
Jan Harbeck Quartet,1627
Jan Wanninger,1628
Janelle Monáe,1629
Janet Jackson,1630
Janis Joplin,1631
Jarabe De Palo,1632
Jarvis Cocker,1633
Jason Aldean,1634
Jason Boland,1635
Jason Derulo,1636
Jason Isbell and the 400 Unit,1637
Jason Mraz,1638
Javier Calamaro,1639
Javier Krahe,1640
Javier Solís,1641
Jay Farrar,1642
Jay Jay Pistolet,1643
Jay Sean,1644
Jay Wheeler,1645
Jayme Dee,1646
Jaymes Young,1647
Jazz for Autumn,1648
Jealous Friend,1649
Jean Sibelius,1650
Jean-Jacques Perrey,1651
Jean-Philippe Rameau,1652
Jeanette,1653
Jebase,1654
Jeff Beck,1655
Jeff Buckley,1656
Jeff Lynne,1657
Jeff Mangum,1658
Jeff Rosenstock,1659
Jeff Tweedy,1660
Jeff Zavac,1661
Jefferson Airplane,1662
Jenevieve,1663
Jennifer Lopez,1664
Jenny Lewis,1665
Jensen McRae,1666
Jeremiah Clarke,1667
Jeremih,1668
Jeremy Siepmann,1669
Jerk,1670
Jeroen van Veen,1671
Jerry Di,1672
Jerry Douglas,1673
Jerry Garcia,1674
Jerry Jeff Walker,1675
Jerry Lee Lewis,1676
Jesse & Joy,1677
Jesse Welles,1678
Jesse Winchester,1679
Jessica Albert,1680
Jessie Andrews,1681
Jessie J,1682
Jesús Adrián Romero,1683
Jet,1684
Jethro Tull,1685
Jhené Aiko,1686
Jhoni The Voice,1687
Jill Andrews,1688
Jim Croce,1689
Jim Ford,1690
Jim James,1691
Jim Morrison,1692
Jim Sullivan,1693
Jimi Charles Moody,1694
Jimi Hendrix,1695
"Jimmy ""Bo"" Horne",1696
Jimmy Bad Boy,1697
Jimmy Buffett,1698
Jimmy Eat World,1699
Jimmy Forrest,1700
Jimmy Page,1701
JinSei,1702
Joachim Kühn,1703
Joan Baez,1704
Joan Manuel Serrat,1705
Joan Sebastian,1706
Joan Shelley,1707
Joaquin Sabina y Viceversa,1708
Joaquín Sabina,1709
Joe Bataan,1710
Joe Bonamassa,1711
Joe Brown,1712
Joe Cocker,1713
Joe Hertler & The Rainbow Seekers,1714
Joe Hisaishi,1715
Joe Jackson,1716
Joe Kaplow,1717
Joe Lovano,1718
Joe Purdy,1719
Joe Quaterman,1720
Joe Strummer,1721
Joe Tex,1722
Joe Walsh,1723
Joel Corry,1724
Joep Beving,1725
Joey Bada$$,1726
Joey Montana,1727
Joey Ramone,1728
Johan Söderqvist,1729
Johann Sebastian Bach,1730
Johann Strauss I,1731
Johann Strauss II,1732
Johannes Brahms,1733
John A. Nilson,1734
John Barry,1735
John Cale,1736
John Coltrane,1737
John Craigie,1738
John Debney,1739
John Denver,1740
John Doe,1741
John Fahey,1742
John Fogerty,1743
John Frusciante,1744
John Gorka,1745
John Grant,1746
John Hiatt & The Goners,1747
John Lee Hooker,1748
John Legend,1749
John Lennon,1750
John Martyn,1751
John Mayall,1752
John Mayall & The Bluesbreakers,1753
John Mayer,1754
John Mellencamp,1755
John Moreland,1756
John Newman,1757
John Oszajca,1758
John Philip Sousa,1759
John Phillips,1760
John Prine,1761
John Rae,1762
John Smith,1763
John Travolta,1764
John Tropea,1765
John Williams,1766
John Wizards,1767
Johnny Burnette & The Rock 'N' Roll Trio,1768
Johnny Cash,1769
Johnny Christoff,1770
Johnny Clegg,1771
Johnny Flynn,1772
Johnny Goth,1773
Johnny Hodges & His Orchestra,1774
Johnny Mathis,1775
Johnny Nash,1776
Johnny Rain,1777
Johnny Thunder,1778
Jome,1779
Jon Boden,1780
Jon Foreman,1781
Jonas Blue,1782
Jonas Brothers,1783
Jonathan Richman,1784
Jonathan Richman & The Modern Lovers,1785
Jonathan Wilson,1786
Jonaz,1787
Joni Mitchell,1788
Jonn Hart,1789
Jonny P,1790
Jools Holland,1791
Joonas Tuuri Quartet,1792
Joran Cariou Trio,1793
Jordan Bratton,1794
Jordan Mackampa,1795
Jordan Max,1796
Jordy Searcy,1797
Jorge Drexler,1798
Jorge Negrete,1799
Jorge Prada,1800
Joseph Cline,1801
Joseph Haydn,1802
Josephine Forrester,1803
Josephine Philip,1804
Josh Farrow,1805
Josh Groban,1806
Josh Krajcik,1807
Josh Ritter,1808
Josh Rouse,1809
Josh Turner,1810
Josh Wave,1811
Joshua Burnside,1812
Joshua Hyslop,1813
Joshua Lee Turner,1814
Joshua Radin,1815
Josiah Mitchell,1816
Jossef,1817
José Alfredo Jimenez,1818
José Feliciano,1819
José González,1820
José Luis Perales,1821
José Maria Napoleón,1822
Joséphine Baker,1823
Jourdain Hume,1824
Journey,1825
Jowell & Randy,1826
Joy Division,1827
Joy Oladokun,1828
Joy Williams,1829
Juan Arvizu,1830
Juan Gabriel,1831
Juan Jose Moreno,1832
Juan Magán,1833
Juan Pablo Vega,1834
Juanes,1835
Juggernoud1,1836
Juice WRLD,1837
Jukebox The Ghost,1838
Jules Barbier,1839
Jules Scott,1840
Julia Jacklin,1841
Julia Kent,1842
Julia Michaels,1843
Julia Quirós,1844
Julian Casablancas,1845
Julian Lennon,1846
Julian Taylor,1847
Juliana Gonsales,1848
Julie Bergan,1849
Julie Walters,1850
Julieta Venegas,1851
Julio Iglesias,1852
Julio Jaramillo,1853
Julius Fučík,1854
Julión Álvarez y su Norteño Banda,1855
Jumbo,1856
Jungle,1857
Jungle Fire,1858
Junior H,1859
Junior Mesa,1860
Junior Wells,1861
Juno Francis,1862
Jupiter,1863
Justin Bieber,1864
Justin Hurwitz,1865
Justin Morgan,1866
Justin Quiles,1867
Justin Timberlake,1868
Justin Townes Earle,1869
Justo y los pecadores,1870
Juventino Rosas,1871
Jóhann Jóhannsson,1872
Jósean Log,1873
Júníus Meyvant,1874
Jürg Kindle,1875
K'NAAN,1876
K-OS,1877
K-Paz De La Sierra,1878
KALEO,1879
KAROL G,1880
KAYTRANADA,1881
KC & The Sunshine Band,1882
KEVIN ROLDAN,1883
KHEA,1884
KHJ,1885
KISS,1886
KONGOS,1887
KTZ Players,1888
KURT,1889
KVSH,1890
KYLE,1891
Kacey Musgraves,1892
Kacy & Clayton,1893
Kaija Saariaho,1894
Kaiser Chiefs,1895
Kakkmaddafakka,1896
Kaleb Di Masi,1897
Kaleidoscope,1898
Kali Uchis,1899
Kalimba,1900
Kalin and Myles,1901
Kamal Keila,1902
Kansas,1903
Kantboll,1904
Kany García,1905
Kanye West,1906
Kardinal Offishall,1907
Karen Dalton,1908
Kari Peterson,1909
Karl Blau,1910
Karl Hector & The Malcouns,1911
Karl-Martin Almqvist,1912
Karmon,1913
Karnaval Blues,1914
Karoly Botvay,1915
Kasabian,1916
Kasbo,1917
Kashmere Stage Band,1918
Kasket Club,1919
Kaspar Mann,1920
Kat Dahlia,1921
Kat Edmonson,1922
Kate Bush,1923
Kathekon,1924
Kathy McCarty,1925
Katie Toupin,1926
Katy Perry,1927
Kazz (Los Amantes de Lola),1928
Keala Settle,1929
Keane,1930
Keb' Mo',1931
Keith Jarrett Trio,1932
Keith Richards,1933
Keith Urban,1934
Kelenkye Band,1935
Kelis,1936
Kelly Clarkson,1937
Kelly McFarling,1938
Kelsea Ballerini,1939
Ken McIntyre,1940
Ken Verheecke,1941
Ken Yates,1942
Ken-Y,1943
Kendrick Lamar,1944
Kenia OS,1945
Kenji Takahashi,1946
Kenndog,1947
Kenny G,1948
Kenny Loggins,1949
Kenny Man,1950
Kenny Rogers,1951
Kerala Dust,1952
Keren Ann,1953
Keri Hilson,1954
Kero Kero Bonito,1955
Kesha,1956
Keuning,1957
Kevin Johansen,1958
Kevin Morby,1959
Kevin Ortiz,1960
Keyshia Cole,1961
Khalid,1962
Khruangbin,1963
Kid Creole And The Coconuts,1964
Kid Cudi,1965
Kid Koala,1966
Kid Travis,1967
Kike Santander,1968
Kiko Veneno,1969
Kim Rodgers,1970
Kim Simmonds,1971
Kina Grannis,1972
Kinck,1973
King Charles,1974
King Curtis,1975
King Gizzard & The Lizard Wizard,1976
King Harvest,1977
King Kavalier,1978
King Tuff,1979
Kings of Convenience,1980
Kings of Leon,1981
Kingswood,1982
Kishi Bashi,1983
Kizz Daniel,1984
Klangkarussell,1985
Klingande,1986
Knut Bjørnar Asphol,1987
Kodaline,1988
Kokoroko,1989
Kolombo,1990
Konstantia Gourzi,1991
Kopecky,1992
Kormak,1993
Kota the Friend,1994
Kourosh Yaghmaei,1995
Kowloon,1996
Kris Bowers,1997
Kris Kristofferson,1998
Krzysztof Penderecki,1999
Kudai,2000
Kumbia Kings,2001
Kungs,2002
Kurt Vile,2003
Kwabs,2004
Kygo,2005
Kyla La Grange,2006
Kyle Craft,2007
Kyle Mendes Jazz Trio,2008
Kyle Shobe & the Walk 'Em Boys,2009
Kyle Watson,2010
Kylie Minogue,2011
L'Impératrice,2012
L.A.,2013
LA MECANICA POPULAR,2014
LA Priest,2015
LAGOS,2016
LANY,2017
LCD Soundsystem,2018
La Adictiva,2019
La Arrolladora Banda El Limón De Rene Camacho,2020
La Banda Baston,2021
La Bien Querida,2022
La Brissa,2023
La Factoria,2024
La Garfield,2025
La Gusana Ciega,2026
La Loquera,2027
La Lupita,2028
La Maravillosa Orquesta del Alcohol,2029
La Numero 1 Banda Jerez De Marco A. Flores,2030
La Oreja de Van Gogh,2031
La Quinta Estacion,2032
La Sonora Dinamita,2033
La Sonora Matancera,2034
La Sonora Santanera,2035
La Unión,2036
Labrinth,2037
Lacashora,2038
Ladies of Soul,2039
Lady A,2040
Lady Gaga,2041
Lady Luck Trio,2042
Lake Street Dive,2043
Lalo Ebratt,2044
Lana Del Rey,2045
Langhorne Slim,2046
Larkin Poe,2047
Las Lagrimas,2048
Las Penas,2049
Latin Fresh,2050
Lauer,2051
Laufey,2052
Laura Branigan,2053
Laura Dalla,2054
Laura Di Vaio,2055
Laura Marano,2056
Laura Pausini,2057
Laura Pérez,2058
Lauren Alaina,2059
Laurent Ruaud,2060
Lauv,2061
Lavelle Barber,2062
Law,2063
Lawrence,2064
Lawrence Arabia,2065
Le Flex,2066
Le Vitates,2067
Led Zeppelin,2068
Lee Brice,2069
Lee Dorsey,2070
Lee Fields & The Expressions,2071
Lee Hazlewood,2072
Lee Holdridge,2073
Lee Morgan,2074
Lee Moses,2075
Lee Rocker,2076
Lees y Feer,2077
Lefty Sm,2078
Leiden,2079
Leif Shires,2080
Leif Vollebekk,2081
Leiva,2082
Lemon Jelly,2083
Lennie Niehaus,2084
Leo Brouwer,2085
Leo Kottke,2086
Leo Vara,2087
Leon Arms,2088
Leon Bridges,2089
Leona Lewis,2090
Leonard Bernstein,2091
Leonard Cohen,2092
Leonardo Agusti,2093
Leonel García,2094
Leonie Evans,2095
Les Luthiers,2096
Les Misérables - 10th Anniversary Cast,2097
Les Misérables - 10th Anniversary Concert Cast,2098
Les Misérables - International Cast,2099
Les Misérables - Manchester Cast,2100
Les Misérables-Original London Cast,2101
Les Petits Parisians,2102
Les Sales Gosses,2103
Les Ya Toupas Du Zaire,2104
Leslie Grace,2105
Leslie Odom Jr.,2106
Lester Hope,2107
Lester Paredes,2108
Lewis Capaldi,2109
Lewis Del Mar,2110
Lewis OfMan,2111
Leyton Lake,2112
Lez Zeppelin,2113
León Larregui,2114
Liad Abraham,2115
Liam Bailey,2116
Liam Gallagher,2117
Liam Payne,2118
Liam Stoler,2119
Lian Ross,2120
Lianne La Havas,2121
Lifehouse,2122
Lightnin' Hopkins,2123
Lights & Motion,2124
Lika Nova,2125
Lil Eazzyy,2126
Lil Kapow,2127
Lil Nas X,2128
Lil Wayne,2129
Lil Yachty,2130
Lilly Wood and The Prick,2131
Lilly Yan,2132
Lilou Asola,2133
Lily Allen,2134
Lily James,2135
Lime Cordiale,2136
Linda Ronstadt,2137
Lindsey Buckingham,2138
Link Wray,2139
Linkin Park,2140
Linn Brikell,2141
Lionel Belasco & His Orchestra,2142
Lisa Gordan Trio,2143
Lit,2144
Literal,2145
Little Beaver,2146
Little Branch Trio,2147
Little Green Cars,2148
Little Jesus,2149
Little Joy,2150
Little Mix,2151
Little Richard,2152
Little Steven,2153
Little Walter,2154
Liv Ronge,2155
Liz Brasher,2156
Lizzo,2157
Lizzy McAlpine,2158
Lloyd,2159
Lo Larsen,2160
Logan Kendell,2161
Logan Ledger,2162
Lola Beltrán,2163
Lolo Zouaï,2164
London Festival Orchestra,2165
London Theatre Orchestra & Cast,2166
Lonnie Brooks,2167
Loose Fur,2168
Loquillo,2169
Lord Huron,2170
Lorde,2171
Loren Allred,2172
Lorenzo De Monteclaro,2173
Lorenzo Tucci,2174
Loretta Scott,2175
Lori McKenna,2176
Lorkin O'Reilly,2177
Los 3 Paraguayos,2178
Los Amigos Invisibles,2179
Los Apson,2180
Los Bravos,2181
Los Buitres De Culiacan Sinaloa,2182
Los Bukis,2183
Los Bunkers,2184
Los Campesinos!,2185
Los Claxons,2186
Los Concorde,2187
Los Dandys,2188
Los Del Rio,2189
Los Enanitos Verdes,2190
Los Fabulosos Cadillacs,2191
Los Gfez,2192
Los Jaibos,2193
Los Karkik's,2194
Los Legendarios,2195
Los Lobos,2196
Los Lonely Boys,2197
Los Master Plus,2198
Los Pericos,2199
Los Plebes del Rancho de Ariel Camacho,2200
Los Rivera Destino,2201
Los Rodriguez,2202
Los Ronaldos,2203
Los Straitjackets,2204
Los Suculentos,2205
Los Super Lamas,2206
Los Tecolines,2207
Los Tetas,2208
Los Tigres Del Norte,2209
Los Titanes De Durango,2210
Los Tres Caballeros,2211
Los Tucanes De Tijuana,2212
Los Ángeles Azules,2213
Lost Frequencies,2214
Lou Bega,2215
Lou Johnson,2216
Lou Rawls,2217
Lou Reed,2218
Loud Luxury,2219
Loudon Wainwright III,2220
Louis Armstrong,2221
Louis Cole,2222
Louis Silva Band,2223
Louis The Child,2224
Louise Farrenc,2225
Loulou Metellus,2226
Love,2227
Love and Theft,2228
Love of Lesbian,2229
Lovespeake,2230
Low Cut Connie,2231
Luc Serra,2232
Luca Tudela,2233
Lucah,2234
Lucho Gatica,2235
Luciano Berio,2236
Luciano Pavarotti,2237
Lucio Corsi,2238
Lucio Dalla,2239
Lucius,2240
Lucky Daye,2241
Lucy Hale,2242
Ludacris,2243
Ludovico Einaudi,2244
Ludwig Göransson,2245
Ludwig van Beethoven,2246
Luigi Boccherini,2247
Luigi Legnani,2248
Luigi Valentino,2249
Luis Arcaraz Y Su Orquesta,2250
Luis Bacalov,2251
Luis Cobos,2252
Luis Eduardo Aute,2253
Luis Fonsi,2254
Luis Miguel,2255
Luis R Conriquez,2256
Lujavo,2257
Lukas Graham,2258
Lukas Nelson and Promise of the Real,2259
Luke Bryan,2260
Luke Winslow-King,2261
Lullaby Texture,2262
Luna,2263
Luna Grove,2264
Luna Luna,2265
Lunay,2266
LunchMoney Lewis,2267
Luniz,2268
Luny Tunes,2269
Lupe Fiasco,2270
Luth,2271
Luther Allison,2272
Luther Vandross,2273
LuuX,2274
LuvZego,2275
Luz Casal,2276
Luz Pinos,2277
Luísa Sobral,2278
Lyall Moloney,2279
Lyanno,2280
Lydia Luce,2281
Lykke Li,2282
Lyle Lovett,2283
Lynyrd Skynyrd,2284
Låpsley,2285
Léo Delibes,2286
M. Ward,2287
M83,2288
MAGIC GIANT,2289
MAGIC!,2290
MARINA,2291
MC Davo,2292
MDO,2293
MEDUZA,2294
MEGTARO,2295
MGMT,2296
MIKA,2297
MJ Cole,2298
MK,2299
MKTO,2300
MNKYBSNSS,2301
MOGUAI,2302
MONTMARTRE,2303
Mac DeMarco,2304
Mac Miller,2305
Mach & Daddy,2306
Macklemore,2307
Macklemore & Ryan Lewis,2308
Madame Récamier,2309
Maddie & Tae,2310
Madeaux,2311
Madeon,2312
Madison Beer,2313
Madison Cunningham,2314
Madness,2315
Magic City Hippies,2316
Maino,2317
Maisy Anderson,2318
Major Lazer,2319
Mallek Mohamed,2320
Malted Milk,2321
Maluma,2322
Man Man,2323
Manchester Orchestra,2324
Mane de la Parra,2325
Manfred Mann Chapter Three,2326
Manic Street Preachers,2327
Mansionair,2328
Manu Chao,2329
Manuel Boltano,2330
Manuel Carrasco,2331
Manuel García,2332
Manuel Gonza,2333
Manuel Ponce,2334
Manuel Turizo,2335
Manuel de Falla,2336
ManyFew,2337
Maná,2338
Mapache,2339
Marc & Friends,2340
Marc Anthony,2341
Marc Bolan,2342
Marc Kenny,2343
Marc Scibilia,2344
Marc Seguí,2345
Marc Streitenfeld,2346
Marcel Azzola,2347
Marcel Depuis,2348
Marcel Loeffler,2349
Marcio Philomena,2350
Marco Antonio Solís,2351
Marco Pastor Estelles,2352
Marcos Valle,2353
Marcus Gilmore,2354
Marcus King,2355
Marcus Mumford,2356
Mareike Wiening,2357
Maren Morris,2358
Maria Arnal,2359
Maria Conchita Alonso,2360
Maria De Medeiros,2361
Maria Dolores Pradera,2362
Maria Isabel Ferrer,2363
Maria McKee,2364
Maria Theresia von Paradis,2365
Mariachi Arriba Juárez,2366
Mariachi Azteca,2367
Mariachi Nuevo Ordaz de Purépero,2368
Mariachi Premier,2369
Mariachi Silvestre Vargas,2370
Mariachi Vargas De Tecalitlán,2371
Mariah Carey,2372
Marianas Trench,2373
Marianne Faithfull,2374
Marika Hackman,2375
Marina Portier,2376
Marino Calle,2377
Mario,2378
Mario Bautista,2379
Mario Frangoulis,2380
Mark Ambor,2381
Mark Keali'i Ho'omalu,2382
Mark Knopfler,2383
Mark Ronson,2384
Mark Sherman,2385
Marlon Hoffstadt,2386
Maroon 5,2387
"Marshall Crenshaw & The Handsome, Ruthless and Stupid Band",2388
Marshmello,2389
Marta Jobim,2390
Marte,2391
Martha Friedman,2392
Martha Reeves & The Vandellas,2393
Martin Garrix,2394
Martin Solveig,2395
Martox,2396
Marval,2397
Marvin Gaye,2398
Marxist Love Disco Ensemble,2399
Maréh,2400
María Elena Walsh,2401
María Grever,2402
María José,2403
María de Lourdes,2404
Masego,2405
Mason Embry Trio,2406
Masove,2407
Massimo Faraò Trio,2408
Mat Kearney,2409
Matchbox Twenty,2410
Matisse,2411
Matoma,2412
Matt Belsante,2413
Matt Berry,2414
Matt Costa,2415
Matt Duncan,2416
Matt Hartke,2417
Matt Hunter,2418
Matt Maeson,2419
Matt Nathanson,2420
Matt Simons,2421
Matt and Kim,2422
Matthew And The Atlas,2423
Matthew Everwood,2424
Matthew Hoenig,2425
Matthew Simmons,2426
Mau y Ricky,2427
Maurice Jarre,2428
Maurice Ravel,2429
Maverick City Music,2430
Max Bett,2431
Max Manie,2432
Max Richter,2433
Max Roach Quintet,2434
Max the Sax,2435
Maximo Park,2436
Maxine Nightingale,2437
May Erlewine,2438
Maya Hawke,2439
Mayday Parade,2440
Me & My Toothbrush,2441
Meadowlark,2442
Meadows,2443
Mecano,2444
Mecánico,2445
Meditation Music Masters,2446
Meek Mill,2447
Megan Davies,2448
Meghan Trainor,2449
Mel Tormé,2450
Melendi,2451
Melissa Steel,2452
Melody,2453
Melting Oak,2454
Melvins,2455
Men At Work,2456
Menny Flores,2457
Mercedes Sosa,2458
Merle Haggard,2459
Meryl Streep,2460
Metallica,2461
Method Man,2462
Metric,2463
Mexican Music Factory,2464
Mexicanto,2465
Mi Banda El Mexicano,2466
Mi Casa,2467
Mi$HNRZ,2468
Mia Cornell,2469
Mia Pandosa,2470
Miami Horror,2471
Michael Bolton,2472
Michael Bublé,2473
Michael Calfan,2474
Michael Cera,2475
Michael FAY,2476
Michael Franti & Spearhead,2477
Michael Giacchino,2478
Michael Hurley,2479
Michael Jackson,2480
Michael Kiwanuka,2481
Michael Maguire,2482
Michael Martin Murphey,2483
Michael Reiss,2484
Michele Morrone,2485
Michelle Branch,2486
Michelle Williams,2487
Michèle Courbis,2488
Mick Flannery,2489
Mick Jagger,2490
Mick Ronson,2491
Mick Taylor,2492
Mickey Baker,2493
Mickey Newbury,2494
Mickey Valen,2495
Midnight Generation,2496
Mighty Shadow,2497
Migos,2498
Miguel,2499
Miguel Aceves Mejia,2500
Mijares,2501
Mike Bahía,2502
Mike Campbell & The Dirty Knobs,2503
Mike Doughty,2504
Mike Oldfield,2505
Mike Posner,2506
Mikel Erentxun,2507
Miky Woodz,2508
Mila J,2509
Miles Davis,2510
Miles Henley,2511
Miles Kane,2512
Miley Cyrus,2513
Milky Chance,2514
Milos Foreman,2515
Mina,2516
Mindchatter,2517
Miniature Tigers,2518
Ministry Of Funk,2519
Mino Lawrence,2520
Minutemen,2521
Miossec,2522
Mipso,2523
Miranda!,2524
Mireille Mathieu,2525
Mister Heavenly,2526
MisterWives,2527
Mitch Ryder,2528
Mitski,2529
Mix Factor,2530
Mlimani Park Orchestra,2531
MoBlack,2532
Moby,2533
Mocedades,2534
Moderatto,2535
Modern Talking,2536
Modest Mouse,2537
Modest Mussorgsky,2538
Mogol,2539
Mogwai,2540
Mohombi,2541
Mola Mola,2542
Molchat Doma,2543
Molinette Cinema,2544
Molly Hatchet,2545
Molly Tuttle,2546
Mon Laferte,2547
Moncho Berry,2548
Monelise,2549
MonoJack,2550
MonoNeon,2551
Monsieur Periné,2552
Monsune,2553
Montell Jordan,2554
Mora,2555
Morat,2556
Morcheeba,2557
Morgan Page,2558
Moriarty,2559
Morrissey,2560
Mose Allison,2561
Motel,2562
Mother's Daughter,2563
Mott The Hoople,2564
Mozart La Para,2565
Mr. Breathless,2566
Mr. Probz,2567
Ms Nina,2568
Ms. Lauryn Hill,2569
Mudcrutch,2570
Muddy Waters,2571
Muerdo,2572
Mulgrew Miller,2573
Mumford & Sons,2574
Mungo Jerry,2575
Muse,2576
Musica Relajante,2577
Musicmusicmusic,2578
Musiq Soulchild,2579
My Chemical Romance,2580
My Goodness,2581
My Morning Jacket,2582
Myke Towers,2583
Mystery Jets,2584
MÖWE,2585
Måneskin,2586
Mélissa Blakesley,2587
Mötley Crüe,2588
Møme,2589
Mœnia,2590
N.W.A.,2591
NATHY PELUSO,2592
NATTI NATASHA,2593
NEEDTOBREATHE,2594
NEIKED,2595
NEIL FRANCES,2596
NIIVA,2597
NOFX,2598
NOTHING MORE,2599
NRBQ,2600
NVDES,2601
Nabález,2602
Nacha Pop,2603
Nacho,2604
Nacho Cano,2605
Nacho Vegas,2606
Nancy Sinatra,2607
Nancy Wilson,2608
Nanpa Básico,2609
Nas,2610
Nat King Cole,2611
Natalia Lafourcade,2612
Natalie Jane,2613
Natalie La Rose,2614
Natanael Cano,2615
Natasha Bedingfield,2616
Nate Bargatze,2617
Nate Ruess,2618
Natema,2619
Nathan Francis,2620
Nathaniel Rateliff,2621
Nathaniel Rateliff & The Night Sweats,2622
Natural Child,2623
Neil Diamond,2624
Neil Young,2625
Neko Case,2626
Nelly,2627
Nels Cline,2628
Nelson Gomes,2629
Nena,2630
Nene Malo,2631
Neon Trees,2632
Neon Valley,2633
Neutral Milk Hotel,2634
Neverdogs,2635
New Bohemian Musical Orchestra,2636
New Found Glory,2637
New Order,2638
New Politics,2639
New Radicals,2640
New Riders of the Purple Sage,2641
New York Session Singers,2642
Newton Faulkner,2643
Next,2644
Niall Horan,2645
Nicho Hinojosa,2646
Nicholas Hooper,2647
Nicholas Payton,2648
Nick Cave,2649
Nick Cave & The Bad Seeds,2650
Nick Drake,2651
Nick Fine,2652
Nick Jonas,2653
Nick Lowe,2654
Nick Mulvey,2655
Nick Waterhouse,2656
Nickelback,2657
Nicky Hopkins,2658
Nicky Jam,2659
Nicky Romero,2660
Nico,2661
Nico & Vinz,2662
Nicola Piovani,2663
Nicolas Jaar,2664
Night Shop,2665
Nikki Clan,2666
Nikolai Rimsky-Korsakov,2667
Nikolaj Grandjean,2668
Nina Cobham,2669
Nina Simone,2670
Nine Days,2671
Nine Inch Nails,2672
Ninine Garcia Quintet,2673
Nio Garcia,2674
Nipsey Hussle,2675
Nirvana,2676
Niykee Heaton,2677
Niña Polaca,2678
No Doubt,2679
No Te Va Gustar,2680
NoMBe,2681
Noah And The Whale,2682
Noah Cyrus,2683
Noah Kahan,2684
Noah Pino Palo,2685
Noel Gallagher's High Flying Birds,2686
Noel Nicola,2687
Noel Torres,2688
Nora En Pure,2689
Nora Mercz,2690
Norah Jones,2691
Noriel,2692
Norman Greenbaum,2693
North Mississippi Allstars,2694
Nothing,2695
Nothing But Thieves,2696
Nothing More To Eat,2697
Nouvelle Vague,2698
Novia Stella,2699
Nu Genea,2700
Numa y Baruck,2701
Nuria Polanka,2702
Nutopia,2703
OBESES,2704
OK Go,2705
OMA,2706
OMFG,2707
OMI,2708
OV7,2709
Oakwood Station,2710
Oasis,2711
Oberhofer,2712
Obie Bermudez,2713
Ocean Alley,2714
Ochentay7,2715
Ocie Elliott,2716
Of Monsters and Men,2717
Ofenbach,2718
Oh Wonder,2719
Ohio Players,2720
Oingo Boingo,2721
Okay Kaya,2722
Ola Gjeilo,2723
Ola W Jansson,2724
Old 97's,2725
Old Sea Brigade,2726
Olga Guillot,2727
Olga Scheps,2728
Oliver,2729
Oliver Cheatham,2730
Oliver Dollar,2731
Oliver Heldens,2732
Oliver Tree,2733
Olle Linder,2734
Olly Alexander (Years & Years),2735
Olly Murs,2736
Olympic Ayres,2737
Oma Holt,2738
Omah Lay,2739
Omar Apollo,2740
Omar Chaparro,2741
Omar Ruiz,2742
Omara Portuondo,2743
Omega,2744
One Direction,2745
OneRepublic,2746
Oneohtrix Point Never,2747
Opossom,2748
Orchestra Italiana,2749
Original Paris Swing,2750
Ornette Coleman,2751
Orquesta Discotheque,2752
Orquesta Harlow,2753
Oscar Anton,2754
Oscar Athie,2755
Oscar Daniels,2756
Oscar Isaac,2757
Oscar Maydon,2758
Oscar Peterson Trio,2759
Otis Redding,2760
Otis Rush,2761
Otis Spann,2762
Otto Knows,2763
Otxhello,2764
Outasight,2765
Outkast,2766
Over the Garden Wall,2767
Ovy On The Drums,2768
Owen Broder,2769
Owen Rochester Jazz,2770
Owl City,2771
Oysterhead,2772
Ozuna,2773
Ozzy Osbourne,2774
P!nk,2775
P. Lion,2776
P.E.O,2777
PAAX (Tulum),2778
PARDOPARDO,2779
PAX,2780
PHFAT,2781
PJ Harvey,2782
PLAZA,2783
PLÜM,2784
PXNDX,2785
Pablo Alborán,2786
Pablo Milanés,2787
Pablo Montero,2788
Paco Versailles,2789
Paco de Lucía,2790
Pala,2791
Pandora,2792
Panic! At The Disco,2793
Panos Mouzourakis,2794
Panteon Rococo,2795
Pantoja,2796
Paolo Nutini,2797
Par de Ases,2798
Parachute,2799
Parachute Youth,2800
Parallel Dance Ensemble,2801
Paramore,2802
Parcels,2803
Paris Paloma,2804
"Parker, Gillespie, Powell, Roach, Mingus",2805
Parov Stelar,2806
Parquet Courts,2807
Parra for Cuva,2808
Passenger,2809
Passenger feat. Josh Pyke,2810
"Passenger feat. Josh Pyke, Lior, Katie Noonan, Boy & Bear and Jess Chalker",2811
Passion Pit,2812
Patito Feo,2813
Patrick Doyle,2814
Patrick Lite,2815
Patrick Street,2816
Patrick Topping,2817
Patrick Watson,2818
PatrickReza,2819
Patti LuPone,2820
Patto,2821
Paté de Fuá,2822
Paul Hindemith,2823
Paul Lewis,2824
Paul McCartney,2825
Paul Moretti Trio,2826
Paul Revere & The Raiders,2827
Paul Simon,2828
Paul Westerberg,2829
Paul Williams,2830
Paulina Rodriguez,2831
Paulina Rubio,2832
Paulo Londra,2833
Pavel Bittová,2834
Pavement,2835
Peach Pit,2836
Peaches & Herb,2837
Peaking Lights,2838
Pearl Jam,2839
Pedro Aznar,2840
Pedro Capó,2841
Pedro Fernández,2842
Pedro Guerra,2843
Pedro Infante,2844
Pedro Pastor,2845
Pedro Vargas,2846
PeeWee,2847
Peking Duk,2848
Películas Geniales,2849
Penford Giles,2850
Penguin Cafe Orchestra,2851
Pentatonix,2852
Pepe Aguilar,2853
Pereza,2854
Perry Como,2855
Pesado,2856
Peso Pluma,2857
Pet Shop Boys,2858
Pete Dello and Friends,2859
Pete Droge,2860
Pete Harris,2861
Pete Molinari,2862
Pete Seeger,2863
Peter Bjorn and John,2864
Peter Bradley Adams,2865
Peter Brown,2866
Peter Cat Recording Co.,2867
Peter Doherty,2868
Peter Gabriel,2869
Peter Green,2870
Peter Rostov Trio,2871
Peter Sarstedt,2872
Peter Ustinov,2873
"Peter, Paul and Mary",2874
Petey Pablo,2875
Petit Biscuit,2876
Phantom Planet,2877
Pharrell Williams,2878
Phil Collins,2879
Phil Cook,2880
Phil Harris,2881
Phil Ochs,2882
Phil Seymour,2883
Philanthrope,2884
Philip Glass,2885
Philip Grass,2886
Philip Quast,2887
Philippe Sarde,2888
Phillip Phillips,2889
Phish,2890
Phoebe Bridgers,2891
Phoenix,2892
Phony Ppl,2893
Phosphorescent,2894
Pianista sull'Oceano,2895
Pierce Brosnan,2896
Pietro Mascagni,2897
Pilot,2898
Pimpo Gama,2899
Pink Floyd,2900
Pink Sweat$,2901
Piso 21,2902
Pitbull,2903
Pixies,2904
Pj Sin Suela,2905
Plain White T's,2906
Plan B,2907
Plano,2908
Plastical People,2909
Platinum Doug,2910
Play-N-Skillz,2911
Poetics of Memory,2912
Pokey LaFarge,2913
"Polish State Philharmonic Orchestra, Katowice",2914
Polo & Pan,2915
Poloc,2916
Polyrhythmics,2917
Pond,2918
Pool,2919
Poolside,2920
Pop Evil,2921
Porter,2922
Portugal. The Man,2923
Post Malone,2924
Pressing Strings,2925
Pretenders,2926
Pretty Ricky,2927
Primal Scream,2928
Primavera Club,2929
Prince,2930
Prince Royce,2931
Procol Harum,2932
Ptaki,2933
Public Enemy,2934
Pulcino Pio,2935
Pulp,2936
Purple Disco Machine,2937
Purple Mountains,2938
Pyotr Ilyich Tchaikovsky,2939
Pyramid,2940
Q,2941
Quantic,2942
Queen,2943
Queens of the Stone Age,2944
Quiet Arrows,2945
Quiet Marauder,2946
Quiet Riot,2947
Quinn XCII,2948
Quinteto Ternura,2949
Quintette du Hot Club de France,2950
Quique González,2951
Quirino Mendoza y Cortés,2952
Quruli,2953
R. City,2954
R. Kelly,2955
R. Stevie Moore,2956
R.B James,2957
R.E.M.,2958
R3HAB,2959
R5,2960
RBD,2961
RINZ.,2962
RITUAL,2963
ROSALÍA,2964
Ra Ra Riot,2965
Rachael & Vilray,2966
Rachel Platten,2967
Rachel Portman,2968
Radiohead,2969
Rafaela Moreno,2970
Rage Against The Machine,2971
Rahsaan Roland Kirk,2972
Raimon,2973
Ralf Gscheidle,2974
Ram Jam,2975
Ramin Djawadi,2976
Ramones,2977
Rampa,2978
Rancid,2979
Randy Quaid,2980
Raphael Futura,2981
Rascal Flatts,2982
Raspberries,2983
Ratones Paranoicos,2984
Raul Di Blasio,2985
Rauw Alejandro,2986
Rawayana,2987
Ray Charles,2988
Ray Davies,2989
Ray LaMontagne,2990
Rayland Baxter,2991
Rayowa,2992
Raúl Ornelas,2993
Real Estate,2994
Red Hot Chili Peppers,2995
Redbone,2996
Redemm,2997
Redfoo,2998
Redimi2,2999
Reel Big Fish,3000
Reik,3001
Relaxing Jazz Nights,3002
Rels B,3003
Remy Simon,3004
Remy Zero,3005
Renata Tebaldi,3006
Renato Leduc,3007
Renato Mares,3008
Rendezvous At Two,3009
Resistiré 2020,3010
Rev. Gary Davis,3011
Reverend Baron,3012
Reykon,3013
Reyli Barba,3014
Rhye,3015
Rhythms Del Mundo,3016
Ric Hassani,3017
Ricardo Arjona,3018
Ricardo Montaner,3019
Ricchi E Poveri,3020
Rich Music LTD,3021
Richard Baratta,3022
Richard Clayderman,3023
Richard Hartley,3024
Richard Hawley,3025
Richard Iacona,3026
Richard Strauss,3027
Richard Swift,3028
Richard Thompson,3029
Richard Wagner,3030
Richie Havens,3031
Richy Mitch & The Coal Miners,3032
Rick Alexander,3033
Ricky Martin,3034
Rihanna,3035
Riley Downing,3036
Riley Howe,3037
Ringo Starr,3038
Riovaz,3039
Rita Lee,3040
River Whyless,3041
Rixton,3042
Rizzle Kicks,3043
Rob Thomas,3044
Rob!n,3045
Robbie Williams,3046
Robe,3047
Robert Corff,3048
Robert Dahlström,3049
Robert Ellis,3050
Robert Elovsson,3051
Robert Johnson,3052
Robert Lewis Cohen,3053
Robert Lowe,3054
Robert Plant,3055
Robert Schumann,3056
Robert de Visée,3057
Roberto Carlos,3058
Robin Schulz,3059
Robson Jorge,3060
Rocío Dúrcal,3061
Rod Stewart,3062
Rodri Roberts,3063
Rodríguez,3064
Roger Damawuzan,3065
Roger Miller,3066
Rolando Laserie,3067
Rolf Kühn,3068
Rolling Blackouts Coastal Fever,3069
Romanthony,3070
Romeo Santos,3071
Romeofoxtrott,3072
Ron Basejam,3073
Ron Fields,3074
Ron Gallo,3075
Ron Sexsmith,3076
Ron Well,3077
Ronald Binge,3078
Ronnie Wood,3079
Rook1e,3080
Roosevelt,3081
Rory Gallagher,3082
Ros Gilman,3083
Rosalía León,3084
Rosana,3085
Rosario Ortega,3086
Rose Cousins,3087
Rosenfeld,3088
Rosey Chan,3089
Rosie Carney,3090
Ross Lynch,3091
Ross Victory,3092
Round Table Knights,3093
Route 94,3094
Roxy Music,3095
Roy Hargrove,3096
Roy Head And The Traits,3097
Roy Orbison,3098
Roy Woods,3099
Royal Blood,3100
Royal Philharmonic Orchestra,3101
Rozalén,3102
Ruby Empress,3103
Rubytates,3104
Rudimental,3105
Rudy Pérez,3106
Rudy Snow,3107
Ruen Brothers,3108
Rufus Wainwright,3109
Ruggero Leoncavallo,3110
Running Touch,3111
Run–D.M.C.,3112
Rupatrupa,3113
Rupert Holmes,3114
Rush,3115
Rusted Root,3116
Ruston Kelly,3117
Ruth B.,3118
Ruthie Henshall,3119
Rvssian,3120
Ryan Adams,3121
Ryan Adams & The Cardinals,3122
Ryan Bingham,3123
Ryan Castro,3124
Ryan Gosling,3125
Ryan Judd,3126
Ryuichi Sakamoto,3127
Régulo Caro,3128
Río Roma,3129
SE-Quartet,3130
SEX-O-RAMA,3131
SG Lewis,3132
SNBRN,3133
STRABE,3134
STRFKR,3135
SYML,3136
SZA,3137
Sabb,3138
Sabo Romo,3139
Sabrina Carpenter,3140
Sad Boy,3141
Sadistic Mika Band,3142
Sadistics,3143
SafetySuit,3144
Saint Motel,3145
"Saint Petersburg Orchestra of the State Hermitage Museum Camerata, Alexander Titov",3146
Salma,3147
Salsa Kids,3148
Salvapantallas,3149
Sam & Dave,3150
Sam Bartle,3151
Sam Cohen,3152
Sam Cooke,3153
Sam Feldt,3154
Sam Fender,3155
Sam Hunt,3156
Sam Maghett,3157
Sam Shackleton,3158
Sam Smith,3159
Sam Tinnesz,3160
Samantha Fish,3161
Samara Joy,3162
Sammy Adams,3163
Sammy Davis Jr.,3164
Samo,3165
Samuel Kahn,3166
Samuel T. Wesley,3167
San Cisco,3168
Sander W.,3169
Sander van Doorn,3170
Sandra Lyng,3171
Sanjosex,3172
Santa Fe Klan,3173
Santana,3174
Santero y Los Muchachos,3175
Santi Muk,3176
Santiago Cruz,3177
Santiago Soul,3178
Sara Farell,3179
Sara Florence,3180
Sara Paula Gómez Arias,3181
Sariah,3182
Satin Jackets,3183
Savannah Conley,3184
ScHoolboy Q,3185
Scatman John,3186
Scorpions,3187
Scott Bradlee's Postmodern Jukebox,3188
Scott Hamilton,3189
Scott Joplin,3190
Scotty Music,3191
Scrapper Blackwell,3192
Seafret,3193
Sean Kingston,3194
Sean Ono Lennon,3195
Sean Paul,3196
Seasick Steve,3197
Seattle Symphony Orchestra,3198
Sebastian Gahler,3199
Sebastian Ingrosso,3200
Sebastian Yatra,3201
Sech,3202
Secondhand Serenade,3203
Seinabo Sey,3204
Selena Gomez,3205
Self Sabotage,3206
Sepia Brown,3207
Seppe & Gama,3208
Sera Cahoone,3209
Serge Gainsbourg,3210
Sergei Baronin,3211
Sergei Prokofiev,3212
Sergei Rachmaninoff,3213
Sergio Cirillo,3214
Sergio Dalma,3215
Serilda Bell,3216
Setenta,3217
Seu Jorge,3218
Sex Pistols,3219
Sex on Toast,3220
Sexy Pigeon,3221
Señor Mostaza,3222
Shaboozey,3223
Shaggy,3224
Shakedown,3225
Shakey Graves,3226
Shakin' Stevens,3227
Shakira,3228
Shania Twain,3229
Shannon & The Clams,3230
Shannon Lay,3231
Sharpay Evans,3232
Shawn Mendes,3233
Sheku Kanneh-Mason,3234
Sheppard,3235
Sherwood Roberts,3236
Shigeru Suzuki,3237
Shintaro Sakamoto,3238
Shiny Goose,3239
Shirley Bassey,3240
Shivaree,3241
Shovels & Rope,3242
Shuggie Otis,3243
Si Zentner,3244
Sia,3245
Sid Mellowdy,3246
Siddhartha,3247
Sidney Bechet,3248
Sidonie,3249
Sidual.,3250
Sigala,3251
Sigma,3252
Sigur Rós,3253
Sigvaldi Kaldalóns,3254
Silences,3255
Silent Waves,3256
Silentó,3257
Silvana Estrada,3258
Silversun Pickups,3259
Silvestre y La Naranja,3260
Silvio Rodriguez and Pablo Milanes,3261
Silvio Rodríguez,3262
Simon & Garfunkel,3263
Simon Fjällström,3264
Simon Grossmann,3265
Simple Plan,3266
Simply Red,3267
Simpson Ahuevo,3268
Sin Bandera,3269
Sinkane,3270
Sinéad Harnett,3271
Siouxsie and the Banshees,3272
Sisa,3273
Sisqo,3274
Sister Sledge,3275
Sixpence None The Richer,3276
Skalpel,3277
Skegss,3278
Ski Mask The Slump God,3279
Skinshape,3280
Sky Ferreira,3281
Sky Rompiendo,3282
"Slaughter Beach, Dog",3283
Slim Gaillard And His Peruvians,3284
Slomosa,3285
Slovak Radio Symphony Orchestra,3286
"Slovak Sinfonietta, Zilina",3287
Slowhand & Van,3288
Smiley Stevens,3289
Smith,3290
Smith Westerns,3291
Snarky Puppy,3292
Snoop Dogg,3293
Snow Patrol,3294
Social Distortion,3295
Soda Circle,3296
Soda Stereo,3297
Sofía Reyes,3298
Soledad,3299
Solo Fernández,3300
Solomun,3301
Son Lux,3302
Son Volt,3303
Sonic Youth,3304
Sonny Boy Williamson II,3305
Sonny Rollins,3306
Sonny Rollins Quartet,3307
Sonny Thompson,3308
Sons Of Maria,3309
Sons Of The East,3310
Soulive,3311
Soulja Boy,3312
Sounds Of Our Home,3313
Spa Music Collective,3314
Spa Sensations,3315
Special Beat,3316
Speedometer,3317
Speedy West,3318
Spencer Cullum,3319
Spinetta Y Los Socios Del Desierto,3320
Spiritualized,3321
Spoon,3322
Sports,3323
St. Lucia,3324
St. Paul & The Broken Bones,3325
Stan Getz,3326
Stanley Turrentine,3327
Star Slinger,3328
Starship,3329
State Champs,3330
Stavroz,3331
Stealers Wheel,3332
Steelism,3333
Steely Dan,3334
Stefano Corradi,3335
Stella Cole,3336
Stellar,3337
Stephan Moccio,3338
Stephan Noel Lang,3339
Stephane Wrembel,3340
Stephen Emmer,3341
Stephen Malkmus,3342
Stephen Sanchez,3343
Stephen Sondheim,3344
Stephen Trask,3345
Steppenwolf,3346
Stereophonics,3347
Sterkøl,3348
Steve Anderson,3349
Steve Aoki,3350
Steve Davis,3351
Steve Earle,3352
Steve Gunn,3353
Steve Miller Band,3354
Stevie Nicks,3355
Stevie Ray Vaughan,3356
Stevie Wonder,3357
Sting,3358
Stone Temple Pilots,3359
Stornoway,3360
Strand of Oaks,3361
Strauss Festival Orchestra,3362
Stray Cats,3363
Stuart Earl,3364
Sublime,3365
Sudan Archives,3366
Sufjan Stevens,3367
Sum 41,3368
Sumbuck,3369
Sun Guitar,3370
Sun Kil Moon,3371
Sun Rai,3372
Sunflower Bean,3373
Sunny War,3374
Super Banda de Niños,3375
Supergrass,3376
Superjava,3377
Supertramp,3378
Sure Sure,3379
Surfaces,3380
Surfer Blood,3381
Surfistas Del Sistema,3382
Survivor,3383
Susie Suh,3384
Susto,3385
Swedish House Mafia,3386
Sweet California,3387
Swing 41,3388
Switchfoot,3389
Syd Barrett,3390
Syd Dale,3391
Sydney Taylor Band,3392
Sylvester,3393
Syn Cole,3394
System Of A Down,3395
Séraphine Crépin,3396
T-Bone Walker,3397
T-Pain,3398
T-Wayne,3399
T. Rex,3400
T.I.,3401
TEEKS,3402
THE DRIVER ERA,3403
THE JACKS,3404
TIEKS,3405
TINI,3406
TMBM,3407
TORRES,3408
TOTO,3409
TR/ST,3410
TV On The Radio,3411
Tabaré Cardozo,3412
Tacabro,3413
Tainy,3414
Taio Cruz,3415
Taj Mahal,3416
Talking Heads,3417
Tall Heights,3418
Tame Impala,3419
Tash Sultana,3420
Tate Jackson Trio,3421
Tatiana,3422
Tavares,3423
Taylor Henderson,3424
Taylor Swift,3425
Tears For Fears,3426
Technicolor Fabrics,3427
Ted Hawkins,3428
Ted Nugent,3429
Teddy Geiger,3430
Television,3431
Terence Blanchard,3432
Terry Allen,3433
Tesla,3434
Tex Crick,3435
Tez Cadey,3436
Thaisa Deboys,3437
Thalia,3438
"The ""Les Misérables"" 10th Anniversary Full Cast",3439
The 1975,3440
The 88,3441
The All-American Rejects,3442
The Almighty Defenders,3443
The Animals,3444
The Apache Relay,3445
The Apples In Stereo,3446
The Aquabats!,3447
The Arcs,3448
The Association,3449
The Avalanches,3450
The Avener,3451
The Avett Brothers,3452
The Backseat Lovers,3453
The Band,3454
The Band CAMINO,3455
The Band Of Heathens,3456
The Band Perry,3457
The Barden Bellas,3458
The Beach Boys,3459
The Beatles,3460
The Beatles Recovered Band,3461
The Black Crowes,3462
The Black Keys,3463
The Black Moods,3464
The Blue Jean Committee,3465
The Bluetones,3466
The Both,3467
The Box Tops,3468
The Brian Jonestown Massacre,3469
The Bright Light Social Hour,3470
The Brooks,3471
The Brother Brothers,3472
The Budos Band,3473
The Byrds,3474
The Cactus Blossoms,3475
The California Honeydrops,3476
The Cars,3477
The Cat Empire,3478
The Chainsmokers,3479
The Champs,3480
The Change,3481
The Chats,3482
The Chemical Brothers,3483
The Chicharones,3484
The Chick Corea New Trio,3485
The Chicks,3486
The Chieftains,3487
The Church,3488
The Civil Wars,3489
The Clash,3490
The Claypool Lennon Delirium,3491
The Click Five,3492
The Colourist,3493
The Commission,3494
The Coral,3495
The Cranberries,3496
The Crystals,3497
The Cult,3498
The Cure,3499
The Daktaris,3500
The Danish Radio Big Band,3501
The Darkness,3502
The Dave Brubeck Quartet,3503
The Decemberists,3504
The Dip,3505
The Dirty Mac,3506
The Districts,3507
The Divine Comedy,3508
The Doobie Brothers,3509
The Doors,3510
The Dose,3511
The Dox Band,3512
The Drifters,3513
The Du-Rites,3514
The Dubliners,3515
The Electric Flag,3516
The Everly Brothers,3517
The Features,3518
The Felice Brothers,3519
The First Edition,3520
The Five Satins,3521
The Five Stairsteps,3522
The Flaming Lips,3523
The Foreign Exchange,3524
The Fratellis,3525
The Fray,3526
The Funkees,3527
The Game,3528
The Gap Band,3529
The Gaslight Anthem,3530
The Gene Harris Quartet,3531
The Ghost of Paul Revere,3532
The Goo Goo Dolls,3533
The Gooch Palms,3534
"The Good, the Bad & the Queen",3535
The Griswolds,3536
The Hails,3537
The Hard Aches,3538
The Head And The Heart,3539
The Heartbreakers,3540
The Heavy,3541
The Helio Sequence,3542
The Highwaymen,3543
The Hit Crew,3544
The Hit Nation,3545
The Hives,3546
The Hold Steady,3547
The Hollies,3548
The Hollywood Soundtrack Band,3549
The Honey Drippers,3550
The Honeydrippers,3551
The Human Beinz,3552
The J. Geils Band,3553
The Jackson 5,3554
The Jaded Hearts Club,3555
The Jam,3556
The Jane Austen Era,3557
The Jayhawks,3558
The Jon Spencer Blues Explosion,3559
The Kid LAROI,3560
The Killers,3561
The Kingston Trio,3562
The Kinks,3563
The Knocks,3564
The Kooks,3565
The La's,3566
The Last Bison,3567
The Last Shadow Puppets,3568
The Lemonheads,3569
The Lenny Ryan Trio,3570
The Libertines,3571
The Lidls,3572
The Lijadu Sisters,3573
The Lively Ones,3574
The Lone Bellow,3575
The Lonely Island,3576
The Long Winters,3577
The Lovin' Spoonful,3578
The Lulu Raes,3579
The Lumineers,3580
The Maine,3581
The Mamas & The Papas,3582
The Manhattan Musical Company,3583
The Marías,3584
The Meltdown,3585
The Merry Macs,3586
The Mighty Imperials,3587
The Mighty Mighty Bosstones,3588
The Mike De León Band,3589
The Milk Carton Kids,3590
The Mills Brothers,3591
The Modern Lovers,3592
The Monkees,3593
The Monroes,3594
The Moody Blues,3595
The Moonglows,3596
The Motet,3597
The Mothers Of Invention,3598
The Mountain Goats,3599
The Mowgli's,3600
The Mud Howlers,3601
The Murlocs,3602
The Naked And Famous,3603
The National,3604
The Natural Yogurt Band,3605
The Neanderthals,3606
The Neighbourhood,3607
The New Basement Tapes,3608
The New Birth,3609
The Notorious B.I.G.,3610
The Nude Party,3611
The O'Reillys and the Paddyhats,3612
The Offspring,3613
The Olivia Tremor Control,3614
The Other Favorites,3615
The Outatime Orchestra,3616
The Outfield,3617
The Paper Kites,3618
The Parlor Mob,3619
The Paul Butterfield Blues Band,3620
The Pigeon Detectives,3621
The Pinheads,3622
The Poets Of Rhythm,3623
The Pogues,3624
The Police,3625
The Polyphonic Spree,3626
The Postal Service,3627
The Pretty Things,3628
The Pro-Teens,3629
The Proclaimers,3630
The Psychedelic Aliens,3631
The Raconteurs,3632
The Radio Dept.,3633
The Rapture,3634
The Ready Set,3635
The Real Thing,3636
The Red Jumpsuit Apparatus,3637
The Replacements,3638
The Revivalists,3639
The Rifles,3640
The Roches,3641
The Rodger Fox Big Band,3642
The Rolling Stones,3643
The Ronettes,3644
The Rooks,3645
The Royal Guardsmen,3646
The Rudeboyz,3647
The Ruminaters,3648
The Runaways,3649
The Script,3650
The Shadowboxers,3651
The Shaolin Afronauts,3652
The Sharks,3653
The Shelters,3654
The Shins,3655
The Shortwave Set,3656
The Smashing Pumpkins,3657
The Smiths,3658
The Snuts,3659
The Soggy Bottom Boys,3660
The Souljazz Orchestra,3661
The Spinners,3662
The Staves,3663
The Stone Roses,3664
The Stooges,3665
The Strange Blue Dreams,3666
The Strokes,3667
The Strumbellas,3668
The Struts,3669
The Strypes,3670
The Subways,3671
The Sweet Remains,3672
The Sweetgreens,3673
The Swiss,3674
The Tallest Man On Earth,3675
The Temper Trap,3676
The Temptations,3677
The Teskey Brothers,3678
The Treblemakers,3679
The Turtles,3680
The Undertones,3681
The Vaccines,3682
The Vamps,3683
The Vanns,3684
The Vaselines,3685
The Velvet Underground,3686
The Verve,3687
The Village Callers,3688
The Vines,3689
The Virgins,3690
The Vogues,3691
The Voidz,3692
The Wailers,3693
The Walkmen,3694
The Wanted,3695
The War On Drugs,3696
The Waterboys,3697
The Weakerthans,3698
The Weeknd,3699
The Weepies,3700
The White Buffalo,3701
The White Stripes,3702
The Whitest Boy Alive,3703
The Who,3704
The Wombats,3705
The Wookies,3706
The Yardbirds,3707
The Zombies,3708
The xx,3709
The-Dream,3710
TheDjLawyer,3711
Thee Lakesiders,3712
Thelonious Monk,3713
Thelonious Monk Septet,3714
Theo Lawrence,3715
Theo Lawrence and The Hearts,3716
Theophilus London,3717
Thin Lizzy,3718
Third Day,3719
Third Eye Blind,3720
Thirty Seconds To Mars,3721
Thom Yorke,3722
Thomas Agergaard,3723
Thomas Luna,3724
Thomas Newman,3725
Thomas Sejthen Trio,3726
Three Dog Night,3727
Thrice,3728
Thunderclap Newman,3729
Thunderpussy,3730
Thutmose,3731
Tia Blake,3732
Tiago PZK,3733
Tiffany Alvord,3734
Tim Buckley,3735
Tim Heidecker,3736
Tim Maia,3737
Tim Philis,3738
Timbiriche,3739
Timeflies,3740
Timothy Reiger,3741
Tin Hat Trio,3742
Tiny Little Houses,3743
Tipling Rock,3744
"Tito ""El Bambino""",3745
Tito Nieves,3746
Tito Rodriguez,3747
Tiziano Ferro,3748
Tiësto,3749
Toby Keith,3750
Toby Sebastian,3751
Tohpati,3752
Tojo McBee,3753
Toledo Heights,3754
Tom Aspaul,3755
Tom Ellenhag,3756
Tom Misch,3757
Tom Odell,3758
Tom Petty,3759
Tom Petty and the Heartbreakers,3760
Tom Rush,3761
Tom T. Hall,3762
Tom Waits,3763
Tom Walker,3764
Tom Ziderman,3765
Tommy Berre,3766
Tommy Boysen,3767
Tommy Dorsey,3768
Tommy James & The Shondells,3769
Tommy Torres,3770
Tones And I,3771
Toni Barella,3772
Tony Bennett,3773
Tony Camargo,3774
Tony Dize,3775
Tony Rice Unit,3776
Tonya Malone,3777
Toots & The Maytals,3778
Topic,3779
Tori Amos,3780
Tori Kelly,3781
Toro y Moi,3782
Total Giovanni,3783
Tough Love,3784
Toulouse,3785
Townes Van Zandt,3786
Toña La Negra,3787
Tracy Chapman,3788
Traditional,3789
Traffic,3790
Train,3791
Tranquil Teddy,3792
Traveling Wilburys,3793
Travis,3794
Travis Atreo,3795
Travis Scott,3796
Trent Reznor and Atticus Ross,3797
Trevor Dering,3798
Trey Songz,3799
Trinidad Cardona,3800
Trio Calaveras,3801
Trio Delfines,3802
Triosence,3803
Trippie Redd,3804
Triumph,3805
Trixie Mattel,3806
Triángulo de Amor Bizarro,3807
Tropicalísimo Apache,3808
Troup Band,3809
Troy,3810
Tré Burt,3811
Trío Siboney,3812
Tu Papa,3813
Tulsa,3814
Tungevaag,3815
Tungz,3816
Tus,3817
Tweedy,3818
Twenty One Pilots,3819
Twerps,3820
Twiddle,3821
Twin Peaks,3822
Twista,3823
Twisted Sister,3824
Two Another,3825
Two Door Cinema Club,3826
Two Feet,3827
Ty Dolla $ign,3828
Tycho,3829
Tyga,3830
Tyla Jane,3831
Tyle,3832
Tyler Touché,3833
Tyler Yarema,3834
"Tyler, The Creator",3835
U2,3836
USHER,3837
Ulrich Steier,3838
Ultra Band,3839
Ultra Funk,3840
Umberto Giordano,3841
Uncle Kracker,3842
Uncle Lucius,3843
Uncle Tupelo,3844
Unknown,3845
Unknown Mortal Orchestra,3846
Urdaneta,3847
VWLS,3848
Vacación,3849
Vacations,3850
Valdespino,3851
Valentin Silvestrov,3852
Valentino,3853
Valentín Elizalde,3854
Valerie June,3855
Valerio Castilla,3856
Vampire Weekend,3857
Van Halen,3858
Van Morrison,3859
Vance Joy,3860
Vandenberg,3861
Vanessa Hudgens,3862
Vangelis,3863
Vanilla Ace,3864
Vantage,3865
Variable D,3866
Various Artists,3867
Verdena,3868
Vetusta Morla,3869
Vic Damone,3870
Vicente Fernández,3871
Vicentico,3872
Viceroy,3873
Victor Cordero,3874
Victor Jara,3875
Victoria Monét,3876
Vieja Trova Santiaguera,3877
Vigiland,3878
Villagers,3879
Vina Anais,3880
Vince Guaraldi,3881
Vince Guaraldi Trio,3882
Vincenzo Adelini,3883
Vincenzo Bellini,3884
Vinicio Capossela,3885
Vintage Culture,3886
Vinícius de Moraes,3887
Violent Femmes,3888
Vita Alexander,3889
Vive la Palabra,3890
Volbeat,3891
Voxtrot,3892
Voz De Mando,3893
Vulfpeck,3894
W.A.S.P.,3895
WALK THE MOON,3896
WEISS,3897
WILLOW,3898
Wale,3899
Walk off the Earth,3900
Wallace,3901
Wallows,3902
Walt Weiskopf,3903
Walter Jacobs,3904
War,3905
Warren Zevon,3906
Washed Out,3907
Watchhouse,3908
Watermät,3909
Waterparks,3910
Watkins Family Hour,3911
Waylon Jennings,3912
We The Kings,3913
We The Lion,3914
Ween,3915
Weezer,3916
Welshly Arms,3917
Wendy Marcini,3918
Wes Walker,3919
Westlife,3920
Wet Baes,3921
Wham!,3922
Whethan,3923
Whiskey Myers,3924
White Denim,3925
White Lies,3926
White Reaper,3927
Whitefield Brothers,3928
Whitesnake,3929
Whitney,3930
Wilco,3931
Wilczynski,3932
Wild Child,3933
Wild Rivers,3934
Wild the Coyote,3935
Wildflower Trio,3936
Wilkins,3937
Will Champlin,3938
William Fitzsimmons,3939
William Grant Still,3940
William Lynn,3941
William Onyeabor,3942
William Prince,3943
William The Conqueror,3944
William Walton,3945
William Wild,3946
Willie Colón,3947
Willie Dixon,3948
Willie Nelson,3949
Willie Wright,3950
Wilson Pickett,3951
Wings,3952
Wisin,3953
Wisin & Yandel,3954
Wiz Khalifa,3955
Wizzdom,3956
Wolf Alice,3957
Wolf Krew,3958
Wolfgang Amadeus Mozart,3959
Wolfgang Vrecun,3960
Wolfine,3961
Wolfmother,3962
Wongo,3963
Woods,3964
World Party,3965
Wreckless Eric,3966
Wu-Tang Clan,3967
Wynton Kelly,3968
Wynton Marsalis,3969
X Ambassadors,3970
XOV,3971
Xantos,3972
Xavier Rudd,3973
Xoel López,3974
Xriz,3975
Xuefei Yang,3976
YACHT,3977
Yahritza Y Su Esencia,3978
Yandar,3979
Yandar & Yostin,3980
Yandel,3981
Yasmine Cothran,3982
Yazoo,3983
Yeah Yeah Yeahs,3984
Yehudit Ravitz,3985
Yelena Eckemoff,3986
Yellow House,3987
Yellowcard,3988
Yera,3989
Yes,3990
Yin Yin,3991
Yng Lvcas,3992
Yo Gotti,3993
Yo La Tengo,3994
Yo Trane,3995
Yoko Ono,3996
Yolanda Be Cool,3997
Yoss Bones,3998
Young Franco,3999
Young Man Neal,4000
Young Thug,4001
Young Wonder,4002
Young the Giant,4003
Youngblood Hawke,4004
Yrving & Lisa Yeras,4005
Yukari Itou,4006
Yuri,4007
Yuridia,4008
Yusef Lateef,4009
Yusuf / Cat Stevens,4010
Yvette Horner,4011
ZAYN,4012
ZZ Top,4013
Zac Brown Band,4014
Zac Efron,4015
Zach Bryan,4016
Zach Webb,4017
Zak Manley,4018
Zara Larsson,4019
Zedd,4020
Zenet,4021
Zerb,4022
Zero 7,4023
Ziggy Marley,4024
Zinning,4025
Zion,4026
Zion & Lennox,4027
Ziv Zaifman,4028
Zona Ganjah,4029
Zoot Money,4030
Zoufris Maracas,4031
Zoé,4032
Zuaraz,4033
Zucchero,4034
_tag,4035
a sound for you,4036
a-ha,4037
alt-J,4038
blink-182,4039
coffee?,4040
daigoro789,4041
dvsn,4042
eery,4043
filous,4044
flamingo zamperoni,4045
fun.,4046
gnash,4047
iLe,4048
iLoveMemphis,4049
jame minogue,4050
lili may,4051
mgk,4052
mockfly,4053
mooncycles,4054
of Montreal,4055
paniyolo,4056
sobhhï,4057
strøget,4058
twuan,4059
warner case,4060
zzoilo,4061
Álvaro Mondo Fernández,4062
Ángela Aguilar,4063
Örjan Hultén Orion,4064
ゼロ戦,4065
岸正之,4066
石橋和子,4067
落日飛車 Sunset Rollercoaster,4068
